CODE,SCHOOL,FISCALYEAR,SCHOOLTYPE,WARD,BUDGETCATEGORY,AMOUNT,NOTE
202,Aiton ,10/1/2015,Elementary,7,Enrollment Based Funding,"$2,519,537.91 ",
202,Aiton ,10/1/2015,Elementary,7,Special Education,"$361,872.86 ",
202,Aiton ,10/1/2015,Elementary,7,ELL,$0.00 ,
202,Aiton ,10/1/2015,Elementary,7,FY15 Budget Priorities,"$124,500.00 ",
202,Aiton ,10/1/2015,Elementary,7,Literacy Support & Academic Programming,"$213,293.13 ",
202,Aiton ,10/1/2015,Elementary,7,ASP/ECR,"$63,926.88 ",
202,Aiton ,10/1/2015,Elementary,7,Specialty Funds,$0.00 ,
202,Aiton ,10/1/2015,Elementary,7,Funding Minimum Funds,$0.00 ,
202,Aiton ,10/1/2015,Elementary,7,Title Funding,"$107,065.01 ",
202,Aiton ,10/1/2015,Elementary,7,DC Council,"$44,681.00 ",
202,Aiton ,10/1/2015,Elementary,7,Total,"$3,434,877.00 ",
203,Amidon-Bowen,10/1/2015,Elementary,6,Enrollment Based Funding,"$3,048,128.57 ",
203,Amidon-Bowen,10/1/2015,Elementary,6,Special Education,"$629,119.59 ",
203,Amidon-Bowen,10/1/2015,Elementary,6,ELL,"$47,313.06 ",
203,Amidon-Bowen,10/1/2015,Elementary,6,FY15 Budget Priorities,"$137,200.00 ",
203,Amidon-Bowen,10/1/2015,Elementary,6,Literacy Support & Academic Programming,$0.00 ,
203,Amidon-Bowen,10/1/2015,Elementary,6,ASP/ECR,"$63,926.88 ",
203,Amidon-Bowen,10/1/2015,Elementary,6,Specialty Funds,$0.00 ,
203,Amidon-Bowen,10/1/2015,Elementary,6,Funding Minimum Funds,$0.00 ,
203,Amidon-Bowen,10/1/2015,Elementary,6,Title Funding,"$148,243.86 ",
203,Amidon-Bowen,10/1/2015,Elementary,6,Total,"$4,073,931.96 ",
450,Anacostia,10/1/2015,High,8,Enrollment Based Funding,"$5,526,958.00 ",
450,Anacostia,10/1/2015,High,8,Special Education,"$2,881,538.60 ",
450,Anacostia,10/1/2015,High,8,ELL,"$13,247.66 ",
450,Anacostia,10/1/2015,High,8,FY15 Budget Priorities,"$77,400.00 ",
450,Anacostia,10/1/2015,High,8,Literacy Support & Academic Programming,$0.00 ,
450,Anacostia,10/1/2015,High,8,ASP/ECR,"$97,104.00 ",
450,Anacostia,10/1/2015,High,8,Specialty Funds,$0.00 ,
450,Anacostia,10/1/2015,High,8,Funding Minimum Funds,$0.00 ,
450,Anacostia,10/1/2015,High,8,Title Funding,"$468,946.00 ",
450,Anacostia,10/1/2015,High,8,DC Council,"$236,500.00 ",
450,Anacostia,10/1/2015,High,8,Total,"$9,304,693.00 ",
452,Ballou,10/1/2015,High,8,Enrollment Based Funding,"$6,046,884.00 ",
452,Ballou,10/1/2015,High,8,Special Education,"$2,747,950.53 ",
452,Ballou,10/1/2015,High,8,ELL,$0.00 ,
452,Ballou,10/1/2015,High,8,FY15 Budget Priorities,"$65,500.00 ",
452,Ballou,10/1/2015,High,8,Literacy Support & Academic Programming,"$189,252.25 ",
452,Ballou,10/1/2015,High,8,ASP/ECR,"$80,920.00 ",
452,Ballou,10/1/2015,High,8,Specialty Funds,"$947,100.00 ",
452,Ballou,10/1/2015,High,8,Funding Minimum Funds,$0.00 ,
452,Ballou,10/1/2015,High,8,Title Funding,"$321,635.00 ",
452,Ballou,10/1/2015,High,8,SIG/RTTT,"$213,293.00 ",
452,Ballou,10/1/2015,High,8,Total,"$10,612,527.00 ",
462,Ballou STAY,10/1/2015,STAY,8,Enrollment Based Funding,"$2,590,887.00 ",
462,Ballou STAY,10/1/2015,STAY,8,Special Education,"$283,878.38 ",
462,Ballou STAY,10/1/2015,STAY,8,ELL,$0.00 ,
462,Ballou STAY,10/1/2015,STAY,8,FY15 Budget Priorities,"$48,500.00 ",
462,Ballou STAY,10/1/2015,STAY,8,Literacy Support & Academic Programming,$0.00 ,
462,Ballou STAY,10/1/2015,STAY,8,ASP/ECR,$0.00 ,
462,Ballou STAY,10/1/2015,STAY,8,Specialty Funds,$0.00 ,
462,Ballou STAY,10/1/2015,STAY,8,Funding Minimum Funds,$0.00 ,
462,Ballou STAY,10/1/2015,STAY,8,Title Funding,"$15,675.00 ",
462,Ballou STAY,10/1/2015,STAY,8,Total,"$2,969,192.00 ",
204,Bancroft,10/1/2015,Elementary,1,Enrollment Based Funding,"$4,217,715.16 ",
204,Bancroft,10/1/2015,Elementary,1,Special Education,"$598,438.17 ",
204,Bancroft,10/1/2015,Elementary,1,ELL,"$1,355,447.17 ",
204,Bancroft,10/1/2015,Elementary,1,FY15 Budget Priorities,"$50,400.00 ",
204,Bancroft,10/1/2015,Elementary,1,Literacy Support & Academic Programming,$0.00 ,
204,Bancroft,10/1/2015,Elementary,1,ASP/ECR,"$119,037.22 ",
204,Bancroft,10/1/2015,Elementary,1,Specialty Funds,$0.00 ,
204,Bancroft,10/1/2015,Elementary,1,Funding Minimum Funds,$0.00 ,
204,Bancroft,10/1/2015,Elementary,1,Title Funding,"$147,982.57 ",
204,Bancroft,10/1/2015,Elementary,1,DC Council,"$96,300.00 ",
204,Bancroft,10/1/2015,Elementary,1,Total,"$6,585,320.00 ",
402,Banneker,10/1/2015,High,1,Enrollment Based Funding,"$3,075,978.40 ",
402,Banneker,10/1/2015,High,1,Special Education,"$172,620.61 ",
402,Banneker,10/1/2015,High,1,ELL,"$21,764.01 ",
402,Banneker,10/1/2015,High,1,FY15 Budget Priorities,"$44,500.00 ",
402,Banneker,10/1/2015,High,1,Literacy Support & Academic Programming,"$90,917.58 ",
402,Banneker,10/1/2015,High,1,ASP/ECR,$0.00 ,
402,Banneker,10/1/2015,High,1,Specialty Funds,"$690,480.00 ",
402,Banneker,10/1/2015,High,1,Funding Minimum Funds,$0.00 ,
402,Banneker,10/1/2015,High,1,Title Funding,"$111,413.91 ",
402,Banneker,10/1/2015,High,1,Total,"$4,207,674.51 ",
205,Barnard,10/1/2015,Elementary,4,Enrollment Based Funding,"$4,926,571.00 ",
205,Barnard,10/1/2015,Elementary,4,Special Education,"$1,191,708.00 ",
205,Barnard,10/1/2015,Elementary,4,ELL,"$882,316.55 ",
205,Barnard,10/1/2015,Elementary,4,FY15 Budget Priorities,"$60,500.00 ",
205,Barnard,10/1/2015,Elementary,4,Literacy Support & Academic Programming,$0.00 ,
205,Barnard,10/1/2015,Elementary,4,ASP/ECR,"$174,147.56 ",
205,Barnard,10/1/2015,Elementary,4,Specialty Funds,$0.00 ,
205,Barnard,10/1/2015,Elementary,4,Funding Minimum Funds,$0.00 ,
205,Barnard,10/1/2015,Elementary,4,Title Funding,"$252,708.11 ",
205,Barnard,10/1/2015,Elementary,4,DC Council,"$86,500.00 ",
205,Barnard,10/1/2015,Elementary,4,Total,"$7,574,451.00 ",
206,Beers,10/1/2015,Elementary,7,Enrollment Based Funding,"$3,670,850.52 ",
206,Beers,10/1/2015,Elementary,7,Special Education,"$1,347,701.58 ",
206,Beers,10/1/2015,Elementary,7,ELL,"$13,247.66 ",
206,Beers,10/1/2015,Elementary,7,FY15 Budget Priorities,"$43,500.00 ",
206,Beers,10/1/2015,Elementary,7,Literacy Support & Academic Programming,"$189,252.25 ",
206,Beers,10/1/2015,Elementary,7,ASP/ECR,"$77,704.46 ",
206,Beers,10/1/2015,Elementary,7,Specialty Funds,$0.00 ,
206,Beers,10/1/2015,Elementary,7,Funding Minimum Funds,$0.00 ,
206,Beers,10/1/2015,Elementary,7,Title Funding,"$182,920.79 ",
206,Beers,10/1/2015,Elementary,7,DC Council,"$100,000.00 ",
206,Beers,10/1/2015,Elementary,7,Total,"$5,625,177.25 ",
212,Brent,10/1/2015,Elementary,6,Enrollment Based Funding,"$3,267,005.46 ",
212,Brent,10/1/2015,Elementary,6,Special Education,"$331,191.44 ",
212,Brent,10/1/2015,Elementary,6,ELL,"$25,549.05 ",
212,Brent,10/1/2015,Elementary,6,FY15 Budget Priorities,"$36,300.00 ",
212,Brent,10/1/2015,Elementary,6,Literacy Support & Academic Programming,$0.00 ,
212,Brent,10/1/2015,Elementary,6,ASP/ECR,$0.00 ,
212,Brent,10/1/2015,Elementary,6,Specialty Funds,$0.00 ,
212,Brent,10/1/2015,Elementary,6,Funding Minimum Funds,$0.00 ,
212,Brent,10/1/2015,Elementary,6,Title Funding,"$8,975.00 ",
212,Brent,10/1/2015,Elementary,6,Total,"$3,669,020.95 ",
213,Brightwood,10/1/2015,Education Campus,4,Enrollment Based Funding,"$5,135,854.05 ",
213,Brightwood,10/1/2015,Education Campus,4,Special Education,"$520,443.69 ",
213,Brightwood,10/1/2015,Education Campus,4,ELL,"$1,639,325.55 ",
213,Brightwood,10/1/2015,Education Campus,4,FY15 Budget Priorities,"$485,752.25 ",
213,Brightwood,10/1/2015,Education Campus,4,Literacy Support & Academic Programming,"$94,626.13 ",
213,Brightwood,10/1/2015,Education Campus,4,ASP/ECR,"$91,482.05 ",
213,Brightwood,10/1/2015,Education Campus,4,Specialty Funds,$0.00 ,
213,Brightwood,10/1/2015,Education Campus,4,Funding Minimum Funds,$0.00 ,
213,Brightwood,10/1/2015,Education Campus,4,Title Funding,"$266,578.88 ",
213,Brightwood,10/1/2015,Education Campus,4,Total,"$8,234,062.58 ",
346,Brookland,10/1/2015,Education Campus,5,Enrollment Based Funding,"$2,327,047.57 ",
346,Brookland,10/1/2015,Education Campus,5,Special Education,"$331,191.44 ",
346,Brookland,10/1/2015,Education Campus,5,ELL,"$81,378.47 ",
346,Brookland,10/1/2015,Education Campus,5,FY15 Budget Priorities,"$445,452.25 ",
346,Brookland,10/1/2015,Education Campus,5,Literacy Support & Academic Programming,$0.00 ,
346,Brookland,10/1/2015,Education Campus,5,ASP/ECR,"$36,371.71 ",
346,Brookland,10/1/2015,Education Campus,5,Specialty Funds,$0.00 ,
346,Brookland,10/1/2015,Education Campus,5,Funding Minimum Funds,$0.00 ,
346,Brookland,10/1/2015,Education Campus,5,Title Funding,"$107,931.94 ",
346,Brookland,10/1/2015,Education Campus,5,Total,"$3,329,373.37 ",
404,Browne,10/1/2015,Education Campus,5,Enrollment Based Funding,"$3,443,284.77 ",
404,Browne,10/1/2015,Education Campus,5,Special Education,"$785,108.56 ",
404,Browne,10/1/2015,Education Campus,5,ELL,"$94,626.13 ",
404,Browne,10/1/2015,Education Campus,5,FY15 Budget Priorities,"$457,052.25 ",
404,Browne,10/1/2015,Education Campus,5,Literacy Support & Academic Programming,"$395,128.29 ",
404,Browne,10/1/2015,Education Campus,5,ASP/ECR,"$50,149.29 ",
404,Browne,10/1/2015,Education Campus,5,Specialty Funds,$0.00 ,
404,Browne,10/1/2015,Education Campus,5,Funding Minimum Funds,$0.00 ,
404,Browne,10/1/2015,Education Campus,5,Title Funding,"$151,278.10 ",
404,Browne,10/1/2015,Education Campus,5,Total,"$5,376,627.37 ",
296,Bruce-Monroe,10/1/2015,Elementary,1,Enrollment Based Funding,"$4,388,086.00 ",
296,Bruce-Monroe,10/1/2015,Elementary,1,Special Education,"$473,130.63 ",
296,Bruce-Monroe,10/1/2015,Elementary,1,ELL,"$1,402,760.23 ",
296,Bruce-Monroe,10/1/2015,Elementary,1,FY15 Budget Priorities,"$47,000.00 ",
296,Bruce-Monroe,10/1/2015,Elementary,1,Literacy Support & Academic Programming,$0.00 ,
296,Bruce-Monroe,10/1/2015,Elementary,1,ASP/ECR,"$91,482.05 ",
296,Bruce-Monroe,10/1/2015,Elementary,1,Specialty Funds,$0.00 ,
296,Bruce-Monroe,10/1/2015,Elementary,1,Funding Minimum Funds,$0.00 ,
296,Bruce-Monroe,10/1/2015,Elementary,1,Title Funding,"$201,559.64 ",
296,Bruce-Monroe,10/1/2015,Elementary,1,DC Council,"$100,000.00 ",
296,Bruce-Monroe,10/1/2015,Elementary,1,Total,"$6,704,019.00 ",
220,Burroughs,10/1/2015,Education Campus,5,Enrollment Based Funding,"$2,674,189.83 ",
220,Burroughs,10/1/2015,Education Campus,5,Special Education,"$1,097,086.49 ",
220,Burroughs,10/1/2015,Education Campus,5,ELL,"$94,626.13 ",
220,Burroughs,10/1/2015,Education Campus,5,FY15 Budget Priorities,"$449,452.25 ",
220,Burroughs,10/1/2015,Education Campus,5,Literacy Support & Academic Programming,$0.00 ,
220,Burroughs,10/1/2015,Education Campus,5,ASP/ECR,"$50,149.29 ",
220,Burroughs,10/1/2015,Education Campus,5,Specialty Funds,$0.00 ,
220,Burroughs,10/1/2015,Education Campus,5,Funding Minimum Funds,$0.00 ,
220,Burroughs,10/1/2015,Education Campus,5,Title Funding,"$120,502.32 ",
220,Burroughs,10/1/2015,Education Campus,5,Total,"$4,486,006.31 ",
221,Burrville,10/1/2015,Elementary,7,Enrollment Based Funding,"$3,211,662.54 ",
221,Burrville,10/1/2015,Elementary,7,Special Education,"$331,191.44 ",
221,Burrville,10/1/2015,Elementary,7,ELL,$0.00 ,
221,Burrville,10/1/2015,Elementary,7,FY15 Budget Priorities,"$34,500.00 ",
221,Burrville,10/1/2015,Elementary,7,Literacy Support & Academic Programming,$0.00 ,
221,Burrville,10/1/2015,Elementary,7,ASP/ECR,"$50,149.29 ",
221,Burrville,10/1/2015,Elementary,7,Specialty Funds,$0.00 ,
221,Burrville,10/1/2015,Elementary,7,Funding Minimum Funds,$0.00 ,
221,Burrville,10/1/2015,Elementary,7,Title Funding,"$153,445.40 ",
221,Burrville,10/1/2015,Elementary,7,DC Council,"$100,000.00 ",
221,Burrville,10/1/2015,Elementary,7,Total,"$3,880,948.67 ",
629,Capitol Hill Montessori,10/1/2015,Education Campus,6,Enrollment Based Funding,"$2,850,163.10 ",
629,Capitol Hill Montessori,10/1/2015,Education Campus,6,Special Education,"$141,939.19 ",
629,Capitol Hill Montessori,10/1/2015,Education Campus,6,ELL,"$17,032.70 ",
629,Capitol Hill Montessori,10/1/2015,Education Campus,6,FY15 Budget Priorities,"$455,252.25 ",
629,Capitol Hill Montessori,10/1/2015,Education Campus,6,Literacy Support & Academic Programming,$0.00 ,
629,Capitol Hill Montessori,10/1/2015,Education Campus,6,ASP/ECR,$0.00 ,
629,Capitol Hill Montessori,10/1/2015,Education Campus,6,Specialty Funds,"$100,000.00 ",
629,Capitol Hill Montessori,10/1/2015,Education Campus,6,Funding Minimum Funds,$0.00 ,
629,Capitol Hill Montessori,10/1/2015,Education Campus,6,Title Funding,"$7,200.00 ",
629,Capitol Hill Montessori,10/1/2015,Education Campus,6,Total,"$3,571,587.24 ",
454,Cardozo,10/1/2015,Education Campus,1,Enrollment Based Funding,"$5,378,523.00 ",
454,Cardozo,10/1/2015,Education Campus,1,Special Education,"$2,800,962.25 ",
454,Cardozo,10/1/2015,Education Campus,1,ELL,"$1,386,128.59 ",
454,Cardozo,10/1/2015,Education Campus,1,FY15 Budget Priorities,"$493,952.25 ",
454,Cardozo,10/1/2015,Education Campus,1,Literacy Support & Academic Programming,"$355,232.31 ",
454,Cardozo,10/1/2015,Education Campus,1,ASP/ECR,"$48,552.00 ",
454,Cardozo,10/1/2015,Education Campus,1,Specialty Funds,$0.00 ,
454,Cardozo,10/1/2015,Education Campus,1,Funding Minimum Funds,$0.00 ,
454,Cardozo,10/1/2015,Education Campus,1,Title Funding,"$322,936.00 ",
454,Cardozo,10/1/2015,Education Campus,1,Total,"$10,786,287.00 ",
947,CHOICE,10/1/2015,Alternative School,5,Enrollment Based Funding,"$820,165.00 ",
947,CHOICE,10/1/2015,Alternative School,5,Special Education,"$94,626.13 ",
947,CHOICE,10/1/2015,Alternative School,5,ELL,$0.00 ,
947,CHOICE,10/1/2015,Alternative School,5,FY15 Budget Priorities,"$10,000.00 ",
947,CHOICE,10/1/2015,Alternative School,5,Literacy Support & Academic Programming,$0.00 ,
947,CHOICE,10/1/2015,Alternative School,5,ASP/ECR,$0.00 ,
947,CHOICE,10/1/2015,Alternative School,5,Specialty Funds,$0.00 ,
947,CHOICE,10/1/2015,Alternative School,5,Funding Minimum Funds,$0.00 ,
947,CHOICE,10/1/2015,Alternative School,5,Title Funding,"$15,675.00 ",
947,CHOICE,10/1/2015,Alternative School,5,Total,"$940,467.00 ",
224,Cleveland,10/1/2015,Elementary,1,Enrollment Based Funding,"$2,874,883.75 ",
224,Cleveland,10/1/2015,Elementary,1,Special Education,"$331,191.44 ",
224,Cleveland,10/1/2015,Elementary,1,ELL,"$189,252.25 ",
224,Cleveland,10/1/2015,Elementary,1,FY15 Budget Priorities,"$31,100.00 ",
224,Cleveland,10/1/2015,Elementary,1,Literacy Support & Academic Programming,$0.00 ,
224,Cleveland,10/1/2015,Elementary,1,ASP/ECR,"$63,926.88 ",
224,Cleveland,10/1/2015,Elementary,1,Specialty Funds,$0.00 ,
224,Cleveland,10/1/2015,Elementary,1,Funding Minimum Funds,$0.00 ,
224,Cleveland,10/1/2015,Elementary,1,Title Funding,"$131,338.86 ",
224,Cleveland,10/1/2015,Elementary,1,Total,"$3,621,693.18 ",
442,Columbia Heights Education Campus,10/1/2015,Education Campus,1,Enrollment Based Funding,"$7,944,461.89 ",
442,Columbia Heights Education Campus,10/1/2015,Education Campus,1,Special Education,"$1,267,444.00 ",
442,Columbia Heights Education Campus,10/1/2015,Education Campus,1,ELL,"$2,301,708.42 ",
442,Columbia Heights Education Campus,10/1/2015,Education Campus,1,FY15 Budget Priorities,"$644,378.38 ",
442,Columbia Heights Education Campus,10/1/2015,Education Campus,1,Literacy Support & Academic Programming,"$94,626.13 ",
442,Columbia Heights Education Campus,10/1/2015,Education Campus,1,ASP/ECR,"$52,598.00 ",
442,Columbia Heights Education Campus,10/1/2015,Education Campus,1,Specialty Funds,"$360,000.00 ",
442,Columbia Heights Education Campus,10/1/2015,Education Campus,1,Funding Minimum Funds,$0.00 ,
442,Columbia Heights Education Campus,10/1/2015,Education Campus,1,Title Funding,"$457,040.22 ",
442,Columbia Heights Education Campus,10/1/2015,Education Campus,1,Total,"$13,122,257.00 ",
455,Coolidge,10/1/2015,High,4,Enrollment Based Funding,"$3,643,439.91 ",
455,Coolidge,10/1/2015,High,4,Special Education,"$1,592,618.00 ",
455,Coolidge,10/1/2015,High,4,ELL,"$189,252.25 ",
455,Coolidge,10/1/2015,High,4,FY15 Budget Priorities,"$41,000.00 ",
455,Coolidge,10/1/2015,High,4,Literacy Support & Academic Programming,$0.00 ,
455,Coolidge,10/1/2015,High,4,ASP/ECR,"$40,460.00 ",
455,Coolidge,10/1/2015,High,4,Specialty Funds,$0.00 ,
455,Coolidge,10/1/2015,High,4,Funding Minimum Funds,$0.00 ,
455,Coolidge,10/1/2015,High,4,Title Funding,"$187,688.87 ",
455,Coolidge,10/1/2015,High,4,Total,"$5,694,459.02 ",
247,CW Harris,10/1/2015,Elementary,7,Enrollment Based Funding,"$2,845,764.00 ",
247,CW Harris,10/1/2015,Elementary,7,Special Education,"$910,439.63 ",
247,CW Harris,10/1/2015,Elementary,7,ELL,$0.00 ,
247,CW Harris,10/1/2015,Elementary,7,FY15 Budget Priorities,"$127,900.00 ",
247,CW Harris,10/1/2015,Elementary,7,Literacy Support & Academic Programming,$0.00 ,
247,CW Harris,10/1/2015,Elementary,7,ASP/ECR,$0.00 ,
247,CW Harris,10/1/2015,Elementary,7,Specialty Funds,$0.00 ,
247,CW Harris,10/1/2015,Elementary,7,Funding Minimum Funds,$0.00 ,
247,CW Harris,10/1/2015,Elementary,7,Title Funding,"$116,601.17 ",
247,CW Harris,10/1/2015,Elementary,7,Total,"$4,000,705.00 ",
405,Deal,10/1/2015,Middle,3,Enrollment Based Funding,"$7,943,685.62 ",
405,Deal,10/1/2015,Middle,3,Special Education,"$1,040,887.38 ",
405,Deal,10/1/2015,Middle,3,ELL,"$189,252.25 ",
405,Deal,10/1/2015,Middle,3,FY15 Budget Priorities,"$647,878.38 ",
405,Deal,10/1/2015,Middle,3,Literacy Support & Academic Programming,"$90,917.58 ",
405,Deal,10/1/2015,Middle,3,ASP/ECR,$0.00 ,
405,Deal,10/1/2015,Middle,3,Specialty Funds,$0.00 ,
405,Deal,10/1/2015,Middle,3,Funding Minimum Funds,"$2,207,738.80 ",
405,Deal,10/1/2015,Middle,3,Title Funding,"$31,200.00 ",
405,Deal,10/1/2015,Middle,3,Total,"$12,151,560.00 ",
231,Drew,10/1/2015,Elementary,7,Enrollment Based Funding,"$2,075,044.00 ",
231,Drew,10/1/2015,Elementary,7,Special Education,"$236,565.31 ",
231,Drew,10/1/2015,Elementary,7,ELL,$0.00 ,
231,Drew,10/1/2015,Elementary,7,FY15 Budget Priorities,"$116,900.00 ",
231,Drew,10/1/2015,Elementary,7,Literacy Support & Academic Programming,"$213,293.13 ",
231,Drew,10/1/2015,Elementary,7,ASP/ECR,"$36,371.71 ",
231,Drew,10/1/2015,Elementary,7,Specialty Funds,$0.00 ,
231,Drew,10/1/2015,Elementary,7,Funding Minimum Funds,$0.00 ,
231,Drew,10/1/2015,Elementary,7,Title Funding,"$110,621.00 ",
231,Drew,10/1/2015,Elementary,7,DC Council,"$3,800.00 ",
231,Drew,10/1/2015,Elementary,7,Total,"$2,792,595.00 ",
467,Dunbar,10/1/2015,High,5,Enrollment Based Funding,"$4,814,864.00 ",
467,Dunbar,10/1/2015,High,5,Special Education,"$1,650,816.99 ",
467,Dunbar,10/1/2015,High,5,ELL,"$13,247.66 ",
467,Dunbar,10/1/2015,High,5,FY15 Budget Priorities,"$62,500.00 ",
467,Dunbar,10/1/2015,High,5,Literacy Support & Academic Programming,"$299,200.00 ",
467,Dunbar,10/1/2015,High,5,ASP/ECR,"$56,644.00 ",
467,Dunbar,10/1/2015,High,5,Specialty Funds,$0.00 ,
467,Dunbar,10/1/2015,High,5,Funding Minimum Funds,$0.00 ,
467,Dunbar,10/1/2015,High,5,Title Funding,"$418,630.00 ",
467,Dunbar,10/1/2015,High,5,Total,"$7,102,610.00 ",
457,Eastern,10/1/2015,High,6,Enrollment Based Funding,"$6,829,900.83 ",
457,Eastern,10/1/2015,High,6,Special Education,"$2,836,783.88 ",
457,Eastern,10/1/2015,High,6,ELL,"$37,850.45 ",
457,Eastern,10/1/2015,High,6,FY15 Budget Priorities,"$103,000.00 ",
457,Eastern,10/1/2015,High,6,Literacy Support & Academic Programming,"$232,856.77 ",
457,Eastern,10/1/2015,High,6,ASP/ECR,"$60,690.00 ",
457,Eastern,10/1/2015,High,6,Specialty Funds,$0.00 ,
457,Eastern,10/1/2015,High,6,Funding Minimum Funds,$0.00 ,
457,Eastern,10/1/2015,High,6,Title Funding,"$458,067.00 ",
457,Eastern,10/1/2015,High,6,Total,"$10,559,149.00 ",
232,Eaton,10/1/2015,Elementary,3,Enrollment Based Funding,"$3,665,880.32 ",
232,Eaton,10/1/2015,Elementary,3,Special Education,"$378,504.50 ",
232,Eaton,10/1/2015,Elementary,3,ELL,"$189,252.25 ",
232,Eaton,10/1/2015,Elementary,3,FY15 Budget Priorities,"$47,700.00 ",
232,Eaton,10/1/2015,Elementary,3,Literacy Support & Academic Programming,$0.00 ,
232,Eaton,10/1/2015,Elementary,3,ASP/ECR,$0.00 ,
232,Eaton,10/1/2015,Elementary,3,Specialty Funds,$0.00 ,
232,Eaton,10/1/2015,Elementary,3,Funding Minimum Funds,"$131,564.93 ",
232,Eaton,10/1/2015,Elementary,3,Title Funding,"$11,750.00 ",
232,Eaton,10/1/2015,Elementary,3,Total,"$4,424,652.00 ",
407,Eliot-Hine,10/1/2015,Middle,6,Enrollment Based Funding,"$2,238,206.51 ",
407,Eliot-Hine,10/1/2015,Middle,6,Special Education,"$910,416.10 ",
407,Eliot-Hine,10/1/2015,Middle,6,ELL,"$18,925.23 ",
407,Eliot-Hine,10/1/2015,Middle,6,FY15 Budget Priorities,"$449,752.25 ",
407,Eliot-Hine,10/1/2015,Middle,6,Literacy Support & Academic Programming,"$398,836.83 ",
407,Eliot-Hine,10/1/2015,Middle,6,ASP/ECR,$0.00 ,
407,Eliot-Hine,10/1/2015,Middle,6,Specialty Funds,$0.00 ,
407,Eliot-Hine,10/1/2015,Middle,6,Funding Minimum Funds,$0.00 ,
407,Eliot-Hine,10/1/2015,Middle,6,Title Funding,"$126,570.78 ",
407,Eliot-Hine,10/1/2015,Middle,6,Total,"$4,142,707.70 ",
471,Ellington School of the Arts,10/1/2015,High,2,Enrollment Based Funding,"$3,557,796.00 ",
471,Ellington School of the Arts,10/1/2015,High,2,Special Education,"$236,565.31 ",
471,Ellington School of the Arts,10/1/2015,High,2,ELL,"$34,065.41 ",
471,Ellington School of the Arts,10/1/2015,High,2,FY15 Budget Priorities,"$51,500.00 ",
471,Ellington School of the Arts,10/1/2015,High,2,Literacy Support & Academic Programming,$0.00 ,
471,Ellington School of the Arts,10/1/2015,High,2,ASP/ECR,$0.00 ,
471,Ellington School of the Arts,10/1/2015,High,2,Specialty Funds,"$2,289,744.39 ",
471,Ellington School of the Arts,10/1/2015,High,2,Funding Minimum Funds,$0.00 ,
471,Ellington School of the Arts,10/1/2015,High,2,Title Funding,"$13,525.00 ",
471,Ellington School of the Arts,10/1/2015,High,2,DC Council,"$56,800.00 ",
471,Ellington School of the Arts,10/1/2015,High,2,Total,"$6,239,997.00 ",
238,Garfield,10/1/2015,Elementary,8,Enrollment Based Funding,"$2,418,162.96 ",
238,Garfield,10/1/2015,Elementary,8,Special Education,"$643,169.37 ",
238,Garfield,10/1/2015,Elementary,8,ELL,$0.00 ,
238,Garfield,10/1/2015,Elementary,8,FY15 Budget Priorities,"$127,600.00 ",
238,Garfield,10/1/2015,Elementary,8,Literacy Support & Academic Programming,$0.00 ,
238,Garfield,10/1/2015,Elementary,8,ASP/ECR,$0.00 ,
238,Garfield,10/1/2015,Elementary,8,Specialty Funds,$0.00 ,
238,Garfield,10/1/2015,Elementary,8,Funding Minimum Funds,$0.00 ,
238,Garfield,10/1/2015,Elementary,8,Title Funding,"$115,300.78 ",
238,Garfield,10/1/2015,Elementary,8,Total,"$3,304,233.11 ",
239,Garrison,10/1/2015,Elementary,2,Enrollment Based Funding,"$2,533,415.47 ",
239,Garrison,10/1/2015,Elementary,2,Special Education,"$1,098,150.00 ",
239,Garrison,10/1/2015,Elementary,2,ELL,"$141,939.19 ",
239,Garrison,10/1/2015,Elementary,2,FY15 Budget Priorities,"$28,900.00 ",
239,Garrison,10/1/2015,Elementary,2,Literacy Support & Academic Programming,"$141,939.19 ",
239,Garrison,10/1/2015,Elementary,2,ASP/ECR,"$50,149.29 ",
239,Garrison,10/1/2015,Elementary,2,Specialty Funds,$0.00 ,
239,Garrison,10/1/2015,Elementary,2,Funding Minimum Funds,$0.00 ,
239,Garrison,10/1/2015,Elementary,2,Title Funding,"$121,369.25 ",
239,Garrison,10/1/2015,Elementary,2,DC Council,"$100,000.00 ",
239,Garrison,10/1/2015,Elementary,2,Total,"$4,215,863.00 ",
246,Hardy,10/1/2015,Middle,2,Enrollment Based Funding,"$3,203,099.00 ",
246,Hardy,10/1/2015,Middle,2,Special Education,"$514,323.00 ",
246,Hardy,10/1/2015,Middle,2,ELL,"$96,670.00 ",
246,Hardy,10/1/2015,Middle,2,FY15 Budget Priorities,"$556,878.38 ",
246,Hardy,10/1/2015,Middle,2,Literacy Support & Academic Programming,"$100,000.00 ",
246,Hardy,10/1/2015,Middle,2,ASP/ECR,$0.00 ,
246,Hardy,10/1/2015,Middle,2,Specialty Funds,$0.00 ,
246,Hardy,10/1/2015,Middle,2,Funding Minimum Funds,$0.00 ,
246,Hardy,10/1/2015,Middle,2,Title Funding,"$104,777.00 ",
246,Hardy,10/1/2015,Middle,2,Total,"$4,575,747.00 ",
413,Hart,10/1/2015,Middle,8,Enrollment Based Funding,"$4,233,505.00 ",
413,Hart,10/1/2015,Middle,8,Special Education,"$1,734,533.66 ",
413,Hart,10/1/2015,Middle,8,ELL,$0.00 ,
413,Hart,10/1/2015,Middle,8,FY15 Budget Priorities,"$574,278.38 ",
413,Hart,10/1/2015,Middle,8,Literacy Support & Academic Programming,"$331,960.13 ",
413,Hart,10/1/2015,Middle,8,ASP/ECR,"$63,926.88 ",
413,Hart,10/1/2015,Middle,8,Specialty Funds,$0.00 ,
413,Hart,10/1/2015,Middle,8,Funding Minimum Funds,$0.00 ,
413,Hart,10/1/2015,Middle,8,Title Funding,"$243,171.95 ",
413,Hart,10/1/2015,Middle,8,Total,"$7,181,377.00 ",
227,HD Cooke,10/1/2015,Elementary,1,Enrollment Based Funding,"$3,737,024.18 ",
227,HD Cooke,10/1/2015,Elementary,1,Special Education,"$378,504.50 ",
227,HD Cooke,10/1/2015,Elementary,1,ELL,"$851,635.13 ",
227,HD Cooke,10/1/2015,Elementary,1,FY15 Budget Priorities,"$141,300.00 ",
227,HD Cooke,10/1/2015,Elementary,1,Literacy Support & Academic Programming,"$90,917.58 ",
227,HD Cooke,10/1/2015,Elementary,1,ASP/ECR,"$91,482.05 ",
227,HD Cooke,10/1/2015,Elementary,1,Specialty Funds,$0.00 ,
227,HD Cooke,10/1/2015,Elementary,1,Funding Minimum Funds,$0.00 ,
227,HD Cooke,10/1/2015,Elementary,1,Title Funding,"$171,650.79 ",
227,HD Cooke,10/1/2015,Elementary,1,DC Council,"$58,000.00 ",
227,HD Cooke,10/1/2015,Elementary,1,Total,"$5,520,514.00 ",
258,Hearst,10/1/2015,Elementary,3,Enrollment Based Funding,"$2,634,558.00 ",
258,Hearst,10/1/2015,Elementary,3,Special Education,"$704,532.21 ",
258,Hearst,10/1/2015,Elementary,3,ELL,"$94,626.13 ",
258,Hearst,10/1/2015,Elementary,3,FY15 Budget Priorities,"$29,300.00 ",
258,Hearst,10/1/2015,Elementary,3,Literacy Support & Academic Programming,$0.00 ,
258,Hearst,10/1/2015,Elementary,3,ASP/ECR,$0.00 ,
258,Hearst,10/1/2015,Elementary,3,Specialty Funds,$0.00 ,
258,Hearst,10/1/2015,Elementary,3,Funding Minimum Funds,$0.00 ,
258,Hearst,10/1/2015,Elementary,3,Title Funding,"$7,175.00 ",
258,Hearst,10/1/2015,Elementary,3,DC Council,"$45,615.00 ",
258,Hearst,10/1/2015,Elementary,3,Total,"$3,515,807.00 ",
249,Hendley,10/1/2015,Elementary,8,Enrollment Based Funding,"$4,319,873.95 ",
249,Hendley,10/1/2015,Elementary,8,Special Education,"$567,756.75 ",
249,Hendley,10/1/2015,Elementary,8,ELL,$0.00 ,
249,Hendley,10/1/2015,Elementary,8,FY15 Budget Priorities,"$53,300.00 ",
249,Hendley,10/1/2015,Elementary,8,Literacy Support & Academic Programming,$0.00 ,
249,Hendley,10/1/2015,Elementary,8,ASP/ECR,"$91,482.05 ",
249,Hendley,10/1/2015,Elementary,8,Specialty Funds,$0.00 ,
249,Hendley,10/1/2015,Elementary,8,Funding Minimum Funds,$0.00 ,
249,Hendley,10/1/2015,Elementary,8,Title Funding,"$225,833.49 ",
249,Hendley,10/1/2015,Elementary,8,DC Council,"$100,000.00 ",
249,Hendley,10/1/2015,Elementary,8,Total,"$5,358,246.24 ",
251,Houston,10/1/2015,Elementary,7,Enrollment Based Funding,"$2,434,108.05 ",
251,Houston,10/1/2015,Elementary,7,Special Education,"$941,097.52 ",
251,Houston,10/1/2015,Elementary,7,ELL,$0.00 ,
251,Houston,10/1/2015,Elementary,7,FY15 Budget Priorities,"$28,200.00 ",
251,Houston,10/1/2015,Elementary,7,Literacy Support & Academic Programming,$0.00 ,
251,Houston,10/1/2015,Elementary,7,ASP/ECR,"$50,149.29 ",
251,Houston,10/1/2015,Elementary,7,Specialty Funds,$0.00 ,
251,Houston,10/1/2015,Elementary,7,Funding Minimum Funds,$0.00 ,
251,Houston,10/1/2015,Elementary,7,Title Funding,"$118,768.48 ",
251,Houston,10/1/2015,Elementary,7,Total,"$3,572,323.34 ",
252,Hyde-Addison,10/1/2015,Elementary,2,Enrollment Based Funding,"$2,887,788.22 ",
252,Hyde-Addison,10/1/2015,Elementary,2,Special Education,"$361,872.86 ",
252,Hyde-Addison,10/1/2015,Elementary,2,ELL,"$94,626.13 ",
252,Hyde-Addison,10/1/2015,Elementary,2,FY15 Budget Priorities,"$34,100.00 ",
252,Hyde-Addison,10/1/2015,Elementary,2,Literacy Support & Academic Programming,$0.00 ,
252,Hyde-Addison,10/1/2015,Elementary,2,ASP/ECR,$0.00 ,
252,Hyde-Addison,10/1/2015,Elementary,2,Specialty Funds,$0.00 ,
252,Hyde-Addison,10/1/2015,Elementary,2,Funding Minimum Funds,$0.00 ,
252,Hyde-Addison,10/1/2015,Elementary,2,Title Funding,"$8,350.00 ",
252,Hyde-Addison,10/1/2015,Elementary,2,Total,"$3,386,737.20 ",
950,Inspiring Youth Program,10/1/2015,Alternative School,7,Enrollment Based Funding,"$709,253.00 ",
950,Inspiring Youth Program,10/1/2015,Alternative School,7,Special Education,"$378,504.50 ",
950,Inspiring Youth Program,10/1/2015,Alternative School,7,ELL,$0.00 ,
950,Inspiring Youth Program,10/1/2015,Alternative School,7,FY15 Budget Priorities,"$10,000.00 ",
950,Inspiring Youth Program,10/1/2015,Alternative School,7,Literacy Support & Academic Programming,$0.00 ,
950,Inspiring Youth Program,10/1/2015,Alternative School,7,ASP/ECR,"$8,092.00 ",
950,Inspiring Youth Program,10/1/2015,Alternative School,7,Specialty Funds,$0.00 ,
950,Inspiring Youth Program,10/1/2015,Alternative School,7,Funding Minimum Funds,$0.00 ,
950,Inspiring Youth Program,10/1/2015,Alternative School,7,Title Funding,"$15,675.00 ",
950,Inspiring Youth Program,10/1/2015,Alternative School,7,Total,"$1,121,524.00 ",
254,Janney,10/1/2015,Elementary,3,Enrollment Based Funding,"$5,539,737.00 ",
254,Janney,10/1/2015,Elementary,3,Special Education,"$359,579.28 ",
254,Janney,10/1/2015,Elementary,3,ELL,"$141,939.19 ",
254,Janney,10/1/2015,Elementary,3,FY15 Budget Priorities,"$67,200.00 ",
254,Janney,10/1/2015,Elementary,3,Literacy Support & Academic Programming,$0.00 ,
254,Janney,10/1/2015,Elementary,3,ASP/ECR,$0.00 ,
254,Janney,10/1/2015,Elementary,3,Specialty Funds,$0.00 ,
254,Janney,10/1/2015,Elementary,3,Funding Minimum Funds,"$864,355.06 ",
254,Janney,10/1/2015,Elementary,3,Title Funding,"$15,675.00 ",
254,Janney,10/1/2015,Elementary,3,Total,"$6,610,979.00 ",
415,Jefferson,10/1/2015,Middle,6,Enrollment Based Funding,"$2,379,642.00 ",
415,Jefferson,10/1/2015,Middle,6,Special Education,"$975,051.00 ",
415,Jefferson,10/1/2015,Middle,6,ELL,$0.00 ,
415,Jefferson,10/1/2015,Middle,6,FY15 Budget Priorities,"$547,578.38 ",
415,Jefferson,10/1/2015,Middle,6,Literacy Support & Academic Programming,"$398,836.83 ",
415,Jefferson,10/1/2015,Middle,6,ASP/ECR,"$36,371.71 ",
415,Jefferson,10/1/2015,Middle,6,Specialty Funds,$0.00 ,
415,Jefferson,10/1/2015,Middle,6,Funding Minimum Funds,$0.00 ,
415,Jefferson,10/1/2015,Middle,6,Title Funding,"$129,605.02 ",
415,Jefferson,10/1/2015,Middle,6,Total,"$4,467,085.00 ",
339,JO Wilson,10/1/2015,Elementary,6,Enrollment Based Funding,"$4,055,143.96 ",
339,JO Wilson,10/1/2015,Elementary,6,Special Education,"$707,114.07 ",
339,JO Wilson,10/1/2015,Elementary,6,ELL,"$25,549.05 ",
339,JO Wilson,10/1/2015,Elementary,6,FY15 Budget Priorities,"$46,200.00 ",
339,JO Wilson,10/1/2015,Elementary,6,Literacy Support & Academic Programming,$0.00 ,
339,JO Wilson,10/1/2015,Elementary,6,ASP/ECR,"$105,259.63 ",
339,JO Wilson,10/1/2015,Elementary,6,Specialty Funds,$0.00 ,
339,JO Wilson,10/1/2015,Elementary,6,Funding Minimum Funds,$0.00 ,
339,JO Wilson,10/1/2015,Elementary,6,Title Funding,"$187,688.87 ",
339,JO Wilson,10/1/2015,Elementary,6,DC Council,"$55,700.00 ",
339,JO Wilson,10/1/2015,Elementary,6,Total,"$5,182,656.00 ",
416,Johnson,10/1/2015,Middle,8,Enrollment Based Funding,"$2,209,083.18 ",
416,Johnson,10/1/2015,Middle,8,Special Education,"$857,380.85 ",
416,Johnson,10/1/2015,Middle,8,ELL,"$13,247.66 ",
416,Johnson,10/1/2015,Middle,8,FY15 Budget Priorities,"$450,552.25 ",
416,Johnson,10/1/2015,Middle,8,Literacy Support & Academic Programming,"$313,293.13 ",
416,Johnson,10/1/2015,Middle,8,ASP/ECR,$0.00 ,
416,Johnson,10/1/2015,Middle,8,Specialty Funds,$0.00 ,
416,Johnson,10/1/2015,Middle,8,Funding Minimum Funds,$0.00 ,
416,Johnson,10/1/2015,Middle,8,Title Funding,"$117,468.09 ",
416,Johnson,10/1/2015,Middle,8,Total,"$3,961,025.14 ",
421,Kelly Miller,10/1/2015,Middle,7,Enrollment Based Funding,"$3,990,381.00 ",
421,Kelly Miller,10/1/2015,Middle,7,Special Education,"$1,169,358.78 ",
421,Kelly Miller,10/1/2015,Middle,7,ELL,"$21,764.01 ",
421,Kelly Miller,10/1/2015,Middle,7,FY15 Budget Priorities,"$573,878.38 ",
421,Kelly Miller,10/1/2015,Middle,7,Literacy Support & Academic Programming,"$313,293.13 ",
421,Kelly Miller,10/1/2015,Middle,7,ASP/ECR,"$53,696.00 ",
421,Kelly Miller,10/1/2015,Middle,7,Specialty Funds,$0.00 ,
421,Kelly Miller,10/1/2015,Middle,7,Funding Minimum Funds,$0.00 ,
421,Kelly Miller,10/1/2015,Middle,7,Title Funding,"$222,365.80 ",
421,Kelly Miller,10/1/2015,Middle,7,Total,"$6,344,737.00 ",
257,Ketcham,10/1/2015,Elementary,8,Enrollment Based Funding,"$2,772,454.45 ",
257,Ketcham,10/1/2015,Elementary,8,Special Education,"$378,504.50 ",
257,Ketcham,10/1/2015,Elementary,8,ELL,$0.00 ,
257,Ketcham,10/1/2015,Elementary,8,FY15 Budget Priorities,"$131,800.00 ",
257,Ketcham,10/1/2015,Elementary,8,Literacy Support & Academic Programming,"$141,939.19 ",
257,Ketcham,10/1/2015,Elementary,8,ASP/ECR,"$50,149.29 ",
257,Ketcham,10/1/2015,Elementary,8,Specialty Funds,$0.00 ,
257,Ketcham,10/1/2015,Elementary,8,Funding Minimum Funds,$0.00 ,
257,Ketcham,10/1/2015,Elementary,8,Title Funding,"$132,639.25 ",
257,Ketcham,10/1/2015,Elementary,8,Total,"$3,607,486.68 ",
272,Key,10/1/2015,Elementary,3,Enrollment Based Funding,"$3,306,126.76 ",
272,Key,10/1/2015,Elementary,3,Special Education,"$189,252.00 ",
272,Key,10/1/2015,Elementary,3,ELL,"$94,626.00 ",
272,Key,10/1/2015,Elementary,3,FY15 Budget Priorities,"$39,100.00 ",
272,Key,10/1/2015,Elementary,3,Literacy Support & Academic Programming,$0.00 ,
272,Key,10/1/2015,Elementary,3,ASP/ECR,$0.00 ,
272,Key,10/1/2015,Elementary,3,Specialty Funds,$0.00 ,
272,Key,10/1/2015,Elementary,3,Funding Minimum Funds,$0.00 ,
272,Key,10/1/2015,Elementary,3,Title Funding,"$9,525.00 ",
272,Key,10/1/2015,Elementary,3,Total,"$3,638,630.00 ",
259,Kimball,10/1/2015,Elementary,7,Enrollment Based Funding,"$3,047,326.06 ",
259,Kimball,10/1/2015,Elementary,7,Special Education,"$331,191.44 ",
259,Kimball,10/1/2015,Elementary,7,ELL,$0.00 ,
259,Kimball,10/1/2015,Elementary,7,FY15 Budget Priorities,"$134,500.00 ",
259,Kimball,10/1/2015,Elementary,7,Literacy Support & Academic Programming,$0.00 ,
259,Kimball,10/1/2015,Elementary,7,ASP/ECR,"$77,704.46 ",
259,Kimball,10/1/2015,Elementary,7,Specialty Funds,$0.00 ,
259,Kimball,10/1/2015,Elementary,7,Funding Minimum Funds,$0.00 ,
259,Kimball,10/1/2015,Elementary,7,Title Funding,"$143,042.32 ",
259,Kimball,10/1/2015,Elementary,7,DC Council,"$85,300.00 ",
259,Kimball,10/1/2015,Elementary,7,Total,"$3,819,064.00 ",
344,King,10/1/2015,Elementary,8,Enrollment Based Funding,"$3,699,993.19 ",
344,King,10/1/2015,Elementary,8,Special Education,"$378,504.50 ",
344,King,10/1/2015,Elementary,8,ELL,$0.00 ,
344,King,10/1/2015,Elementary,8,FY15 Budget Priorities,"$141,200.00 ",
344,King,10/1/2015,Elementary,8,Literacy Support & Academic Programming,"$213,293.13 ",
344,King,10/1/2015,Elementary,8,ASP/ECR,"$63,926.88 ",
344,King,10/1/2015,Elementary,8,Specialty Funds,$0.00 ,
344,King,10/1/2015,Elementary,8,Funding Minimum Funds,$0.00 ,
344,King,10/1/2015,Elementary,8,Title Funding,"$177,719.25 ",
344,King,10/1/2015,Elementary,8,DC Council,"$100,000.00 ",
344,King,10/1/2015,Elementary,8,Total,"$4,774,636.94 ",
417,Kramer,10/1/2015,Middle,8,Enrollment Based Funding,"$2,854,480.61 ",
417,Kramer,10/1/2015,Middle,8,Special Education,"$921,325.55 ",
417,Kramer,10/1/2015,Middle,8,ELL,$0.00 ,
417,Kramer,10/1/2015,Middle,8,FY15 Budget Priorities,"$553,978.38 ",
417,Kramer,10/1/2015,Middle,8,Literacy Support & Academic Programming,"$213,293.13 ",
417,Kramer,10/1/2015,Middle,8,ASP/ECR,$0.00 ,
417,Kramer,10/1/2015,Middle,8,Specialty Funds,$0.00 ,
417,Kramer,10/1/2015,Middle,8,Funding Minimum Funds,$0.00 ,
417,Kramer,10/1/2015,Middle,8,Title Funding,"$159,513.87 ",
417,Kramer,10/1/2015,Middle,8,Total,"$4,702,591.52 ",
261,Lafayette,10/1/2015,Elementary,4,Enrollment Based Funding,"$5,068,351.67 ",
261,Lafayette,10/1/2015,Elementary,4,Special Education,"$359,579.28 ",
261,Lafayette,10/1/2015,Elementary,4,ELL,"$94,626.13 ",
261,Lafayette,10/1/2015,Elementary,4,FY15 Budget Priorities,"$70,000.00 ",
261,Lafayette,10/1/2015,Elementary,4,Literacy Support & Academic Programming,$0.00 ,
261,Lafayette,10/1/2015,Elementary,4,ASP/ECR,$0.00 ,
261,Lafayette,10/1/2015,Elementary,4,Specialty Funds,$0.00 ,
261,Lafayette,10/1/2015,Elementary,4,Funding Minimum Funds,"$883,417.93 ",
261,Lafayette,10/1/2015,Elementary,4,Title Funding,"$17,225.00 ",
261,Lafayette,10/1/2015,Elementary,4,Total,"$6,493,200.00 ",
262,Langdon,10/1/2015,Education Campus,5,Enrollment Based Funding,"$3,291,250.22 ",
262,Langdon,10/1/2015,Education Campus,5,Special Education,"$581,806.53 ",
262,Langdon,10/1/2015,Education Campus,5,ELL,"$94,626.13 ",
262,Langdon,10/1/2015,Education Campus,5,FY15 Budget Priorities,"$456,052.25 ",
262,Langdon,10/1/2015,Education Campus,5,Literacy Support & Academic Programming,$0.00 ,
262,Langdon,10/1/2015,Education Campus,5,ASP/ECR,"$77,704.46 ",
262,Langdon,10/1/2015,Education Campus,5,Specialty Funds,$0.00 ,
262,Langdon,10/1/2015,Education Campus,5,Funding Minimum Funds,$0.00 ,
262,Langdon,10/1/2015,Education Campus,5,Title Funding,"$151,278.10 ",
262,Langdon,10/1/2015,Education Campus,5,Total,"$4,652,717.68 ",
235,Langley,10/1/2015,Elementary,5,Enrollment Based Funding,"$2,642,016.00 ",
235,Langley,10/1/2015,Elementary,5,Special Education,"$1,127,791.43 ",
235,Langley,10/1/2015,Elementary,5,ELL,"$86,109.77 ",
235,Langley,10/1/2015,Elementary,5,FY15 Budget Priorities,"$29,100.00 ",
235,Langley,10/1/2015,Elementary,5,Literacy Support & Academic Programming,"$141,939.19 ",
235,Langley,10/1/2015,Elementary,5,ASP/ECR,"$50,149.29 ",
235,Langley,10/1/2015,Elementary,5,Specialty Funds,$0.00 ,
235,Langley,10/1/2015,Elementary,5,Funding Minimum Funds,$0.00 ,
235,Langley,10/1/2015,Elementary,5,Title Funding,"$121,369.25 ",
235,Langley,10/1/2015,Elementary,5,Total,"$4,198,475.00 ",
264,LaSalle-Backus,10/1/2015,Education Campus,4,Enrollment Based Funding,"$3,459,364.03 ",
264,LaSalle-Backus,10/1/2015,Education Campus,4,Special Education,"$927,071.27 ",
264,LaSalle-Backus,10/1/2015,Education Campus,4,ELL,"$378,504.50 ",
264,LaSalle-Backus,10/1/2015,Education Campus,4,FY15 Budget Priorities,"$457,952.25 ",
264,LaSalle-Backus,10/1/2015,Education Campus,4,Literacy Support & Academic Programming,"$213,293.13 ",
264,LaSalle-Backus,10/1/2015,Education Campus,4,ASP/ECR,"$50,149.29 ",
264,LaSalle-Backus,10/1/2015,Education Campus,4,Specialty Funds,$0.00 ,
264,LaSalle-Backus,10/1/2015,Education Campus,4,Funding Minimum Funds,$0.00 ,
264,LaSalle-Backus,10/1/2015,Education Campus,4,Title Funding,"$148,243.86 ",
264,LaSalle-Backus,10/1/2015,Education Campus,4,Total,"$5,634,578.33 ",
266,Leckie,10/1/2015,Elementary,8,Enrollment Based Funding,"$3,653,227.97 ",
266,Leckie,10/1/2015,Elementary,8,Special Education,"$331,191.44 ",
266,Leckie,10/1/2015,Elementary,8,ELL,$0.00 ,
266,Leckie,10/1/2015,Elementary,8,FY15 Budget Priorities,"$40,200.00 ",
266,Leckie,10/1/2015,Elementary,8,Literacy Support & Academic Programming,$0.00 ,
266,Leckie,10/1/2015,Elementary,8,ASP/ECR,"$77,704.46 ",
266,Leckie,10/1/2015,Elementary,8,Specialty Funds,$0.00 ,
266,Leckie,10/1/2015,Elementary,8,Funding Minimum Funds,$0.00 ,
266,Leckie,10/1/2015,Elementary,8,Title Funding,"$162,114.63 ",
266,Leckie,10/1/2015,Elementary,8,DC Council,"$49,600.00 ",
266,Leckie,10/1/2015,Elementary,8,Total,"$4,314,039.00 ",
271,Ludlow-Taylor,10/1/2015,Elementary,6,Enrollment Based Funding,"$3,161,468.92 ",
271,Ludlow-Taylor,10/1/2015,Elementary,6,Special Education,"$956,212.00 ",
271,Ludlow-Taylor,10/1/2015,Elementary,6,ELL,"$21,764.01 ",
271,Ludlow-Taylor,10/1/2015,Elementary,6,FY15 Budget Priorities,"$33,600.00 ",
271,Ludlow-Taylor,10/1/2015,Elementary,6,Literacy Support & Academic Programming,$0.00 ,
271,Ludlow-Taylor,10/1/2015,Elementary,6,ASP/ECR,"$119,037.22 ",
271,Ludlow-Taylor,10/1/2015,Elementary,6,Specialty Funds,$0.00 ,
271,Ludlow-Taylor,10/1/2015,Elementary,6,Funding Minimum Funds,$0.00 ,
271,Ludlow-Taylor,10/1/2015,Elementary,6,Title Funding,"$129,605.02 ",
271,Ludlow-Taylor,10/1/2015,Elementary,6,DC Council,"$70,200.00 ",
271,Ludlow-Taylor,10/1/2015,Elementary,6,Total,"$4,491,887.00 ",
884,Luke Moore,10/1/2015,High,5,Enrollment Based Funding,"$3,029,014.00 ",
884,Luke Moore,10/1/2015,High,5,Special Education,"$353,568.00 ",
884,Luke Moore,10/1/2015,High,5,ELL,"$8,516.00 ",
884,Luke Moore,10/1/2015,High,5,FY15 Budget Priorities,"$38,200.00 ",
884,Luke Moore,10/1/2015,High,5,Literacy Support & Academic Programming,"$118,667.00 ",
884,Luke Moore,10/1/2015,High,5,ASP/ECR,"$80,920.00 ",
884,Luke Moore,10/1/2015,High,5,Specialty Funds,$0.00 ,
884,Luke Moore,10/1/2015,High,5,Funding Minimum Funds,"$117,638.72 ",
884,Luke Moore,10/1/2015,High,5,Title Funding,"$157,780.02 ",
884,Luke Moore,10/1/2015,High,5,Total,"$3,904,304.00 ",
308,Malcolm X,10/1/2015,Elementary,8,Enrollment Based Funding,"$2,224,186.83 ",
308,Malcolm X,10/1/2015,Elementary,8,Special Education,"$400,881.86 ",
308,Malcolm X,10/1/2015,Elementary,8,ELL,$0.00 ,
308,Malcolm X,10/1/2015,Elementary,8,FY15 Budget Priorities,"$121,800.00 ",
308,Malcolm X,10/1/2015,Elementary,8,Literacy Support & Academic Programming,$0.00 ,
308,Malcolm X,10/1/2015,Elementary,8,ASP/ECR,$0.00 ,
308,Malcolm X,10/1/2015,Elementary,8,Specialty Funds,$0.00 ,
308,Malcolm X,10/1/2015,Elementary,8,Funding Minimum Funds,$0.00 ,
308,Malcolm X,10/1/2015,Elementary,8,Title Funding,"$97,528.86 ",
308,Malcolm X,10/1/2015,Elementary,8,DC Council,"$38,100.00 ",
308,Malcolm X,10/1/2015,Elementary,8,Total,"$2,882,498.00 ",
265,Mamie D Lee,10/1/2015,Special Education Center,5,Enrollment Based Funding,"$990,083.00 ",
265,Mamie D Lee,10/1/2015,Special Education Center,5,Special Education,"$1,346,036.00 ",
265,Mamie D Lee,10/1/2015,Special Education Center,5,ELL,$0.00 ,
265,Mamie D Lee,10/1/2015,Special Education Center,5,FY15 Budget Priorities,"$10,000.00 ",
265,Mamie D Lee,10/1/2015,Special Education Center,5,Literacy Support & Academic Programming,$0.00 ,
265,Mamie D Lee,10/1/2015,Special Education Center,5,ASP/ECR,"$45,280.82 ",
265,Mamie D Lee,10/1/2015,Special Education Center,5,Specialty Funds,$0.00 ,
265,Mamie D Lee,10/1/2015,Special Education Center,5,Funding Minimum Funds,$0.00 ,
265,Mamie D Lee,10/1/2015,Special Education Center,5,Title Funding,"$26,874.62 ",
265,Mamie D Lee,10/1/2015,Special Education Center,5,Total,"$2,418,274.00 ",
273,Mann,10/1/2015,Elementary,3,Enrollment Based Funding,"$2,824,190.00 ",
273,Mann,10/1/2015,Elementary,3,Special Education,"$113,551.35 ",
273,Mann,10/1/2015,Elementary,3,ELL,"$141,939.19 ",
273,Mann,10/1/2015,Elementary,3,FY15 Budget Priorities,"$30,100.00 ",
273,Mann,10/1/2015,Elementary,3,Literacy Support & Academic Programming,$0.00 ,
273,Mann,10/1/2015,Elementary,3,ASP/ECR,$0.00 ,
273,Mann,10/1/2015,Elementary,3,Specialty Funds,$0.00 ,
273,Mann,10/1/2015,Elementary,3,Funding Minimum Funds,$0.00 ,
273,Mann,10/1/2015,Elementary,3,Title Funding,"$7,175.00 ",
273,Mann,10/1/2015,Elementary,3,Total,"$3,116,956.00 ",
284,Marie Reed,10/1/2015,Elementary,1,Enrollment Based Funding,"$3,680,352.62 ",
284,Marie Reed,10/1/2015,Elementary,1,Special Education,"$331,191.44 ",
284,Marie Reed,10/1/2015,Elementary,1,ELL,"$1,088,200.44 ",
284,Marie Reed,10/1/2015,Elementary,1,FY15 Budget Priorities,"$39,000.00 ",
284,Marie Reed,10/1/2015,Elementary,1,Literacy Support & Academic Programming,$0.00 ,
284,Marie Reed,10/1/2015,Elementary,1,ASP/ECR,"$105,259.63 ",
284,Marie Reed,10/1/2015,Elementary,1,Specialty Funds,$0.00 ,
284,Marie Reed,10/1/2015,Elementary,1,Funding Minimum Funds,$0.00 ,
284,Marie Reed,10/1/2015,Elementary,1,Title Funding,"$163,415.02 ",
284,Marie Reed,10/1/2015,Elementary,1,DC Council,"$86,200.00 ",
284,Marie Reed,10/1/2015,Elementary,1,Total,"$5,304,367.00 ",
274,Maury,10/1/2015,Elementary,6,Enrollment Based Funding,"$3,140,875.00 ",
274,Maury,10/1/2015,Elementary,6,Special Education,"$236,565.31 ",
274,Maury,10/1/2015,Elementary,6,ELL,"$8,516.00 ",
274,Maury,10/1/2015,Elementary,6,FY15 Budget Priorities,"$36,200.00 ",
274,Maury,10/1/2015,Elementary,6,Literacy Support & Academic Programming,$0.00 ,
274,Maury,10/1/2015,Elementary,6,ASP/ECR,"$45,000.00 ",
274,Maury,10/1/2015,Elementary,6,Specialty Funds,$0.00 ,
274,Maury,10/1/2015,Elementary,6,Funding Minimum Funds,$0.00 ,
274,Maury,10/1/2015,Elementary,6,Title Funding,"$8,475.00 ",
274,Maury,10/1/2015,Elementary,6,DC Council,"$26,600.00 ",
274,Maury,10/1/2015,Elementary,6,Total,"$3,502,231.00 ",
458,McKinley,10/1/2015,Education Campus,5,Enrollment Based Funding,"$6,064,700.00 ",
458,McKinley,10/1/2015,Education Campus,5,Special Education,"$832,421.62 ",
458,McKinley,10/1/2015,Education Campus,5,ELL,"$21,764.01 ",
458,McKinley,10/1/2015,Education Campus,5,FY15 Budget Priorities,"$513,252.25 ",
458,McKinley,10/1/2015,Education Campus,5,Literacy Support & Academic Programming,"$189,252.25 ",
458,McKinley,10/1/2015,Education Campus,5,ASP/ECR,$0.00 ,
458,McKinley,10/1/2015,Education Campus,5,Specialty Funds,"$1,680,585.04 ",
458,McKinley,10/1/2015,Education Campus,5,Funding Minimum Funds,$0.00 ,
458,McKinley,10/1/2015,Education Campus,5,Title Funding,"$243,647.06 ",
458,McKinley,10/1/2015,Education Campus,5,Total,"$9,545,623.00 ",
280,Miner,10/1/2015,Elementary,6,Enrollment Based Funding,"$517,886.00 ",
280,Miner,10/1/2015,Elementary,6,Special Education,"$629,119.59 ",
280,Miner,10/1/2015,Elementary,6,ELL,"$21,764.01 ",
280,Miner,10/1/2015,Elementary,6,FY15 Budget Priorities,"$40,800.00 ",
280,Miner,10/1/2015,Elementary,6,Literacy Support & Academic Programming,$0.00 ,
280,Miner,10/1/2015,Elementary,6,ASP/ECR,"$77,704.46 ",
280,Miner,10/1/2015,Elementary,6,Specialty Funds,$0.00 ,
280,Miner,10/1/2015,Elementary,6,Funding Minimum Funds,$0.00 ,
280,Miner,10/1/2015,Elementary,6,Title Funding,"$184,654.64 ",
280,Miner,10/1/2015,Elementary,6,Total,"$5,281,329.00 ",
285,Moten,10/1/2015,Elementary,8,Enrollment Based Funding,"$3,475,622.71 ",
285,Moten,10/1/2015,Elementary,8,Special Education,"$631,248.00 ",
285,Moten,10/1/2015,Elementary,8,ELL,$0.00 ,
285,Moten,10/1/2015,Elementary,8,FY15 Budget Priorities,"$140,000.00 ",
285,Moten,10/1/2015,Elementary,8,Literacy Support & Academic Programming,"$213,293.13 ",
285,Moten,10/1/2015,Elementary,8,ASP/ECR,"$50,149.29 ",
285,Moten,10/1/2015,Elementary,8,Specialty Funds,$0.00 ,
285,Moten,10/1/2015,Elementary,8,Funding Minimum Funds,$0.00 ,
285,Moten,10/1/2015,Elementary,8,Title Funding,"$156,913.10 ",
285,Moten,10/1/2015,Elementary,8,Total,"$4,667,227.00 ",
287,Murch,10/1/2015,Elementary,3,Enrollment Based Funding,"$4,777,584.96 ",
287,Murch,10/1/2015,Elementary,3,Special Education,"$439,867.34 ",
287,Murch,10/1/2015,Elementary,3,ELL,"$283,878.38 ",
287,Murch,10/1/2015,Elementary,3,FY15 Budget Priorities,"$68,000.00 ",
287,Murch,10/1/2015,Elementary,3,Literacy Support & Academic Programming,$0.00 ,
287,Murch,10/1/2015,Elementary,3,ASP/ECR,$0.00 ,
287,Murch,10/1/2015,Elementary,3,Specialty Funds,$0.00 ,
287,Murch,10/1/2015,Elementary,3,Funding Minimum Funds,"$722,699.33 ",
287,Murch,10/1/2015,Elementary,3,Title Funding,"$15,650.00 ",
287,Murch,10/1/2015,Elementary,3,Total,"$6,307,680.00 ",
288,Nalle,10/1/2015,Elementary,7,Enrollment Based Funding,"$3,426,585.84 ",
288,Nalle,10/1/2015,Elementary,7,Special Education,"$331,191.44 ",
288,Nalle,10/1/2015,Elementary,7,ELL,"$38,796.71 ",
288,Nalle,10/1/2015,Elementary,7,FY15 Budget Priorities,"$138,000.00 ",
288,Nalle,10/1/2015,Elementary,7,Literacy Support & Academic Programming,"$213,293.13 ",
288,Nalle,10/1/2015,Elementary,7,ASP/ECR,$0.00 ,
288,Nalle,10/1/2015,Elementary,7,Specialty Funds,$0.00 ,
288,Nalle,10/1/2015,Elementary,7,Funding Minimum Funds,$0.00 ,
288,Nalle,10/1/2015,Elementary,7,Title Funding,"$159,947.33 ",
288,Nalle,10/1/2015,Elementary,7,DC Council,"$100,000.00 ",
288,Nalle,10/1/2015,Elementary,7,Total,"$4,407,814.44 ",
290,Noyes,10/1/2015,Education Campus,5,Enrollment Based Funding,"$2,822,396.00 ",
290,Noyes,10/1/2015,Education Campus,5,Special Education,"$927,047.74 ",
290,Noyes,10/1/2015,Education Campus,5,ELL,"$47,313.06 ",
290,Noyes,10/1/2015,Education Campus,5,FY15 Budget Priorities,"$452,952.25 ",
290,Noyes,10/1/2015,Education Campus,5,Literacy Support & Academic Programming,"$94,626.13 ",
290,Noyes,10/1/2015,Education Campus,5,ASP/ECR,$0.00 ,
290,Noyes,10/1/2015,Education Campus,5,Specialty Funds,$0.00 ,
290,Noyes,10/1/2015,Education Campus,5,Funding Minimum Funds,$0.00 ,
290,Noyes,10/1/2015,Education Campus,5,Title Funding,"$132,205.79 ",
290,Noyes,10/1/2015,Education Campus,5,Total,"$4,476,541.00 ",
291,Orr,10/1/2015,Elementary,8,Enrollment Based Funding,"$3,308,788.18 ",
291,Orr,10/1/2015,Elementary,8,Special Education,"$473,130.63 ",
291,Orr,10/1/2015,Elementary,8,ELL,$0.00 ,
291,Orr,10/1/2015,Elementary,8,FY15 Budget Priorities,"$137,200.00 ",
291,Orr,10/1/2015,Elementary,8,Literacy Support & Academic Programming,$0.00 ,
291,Orr,10/1/2015,Elementary,8,ASP/ECR,$0.00 ,
291,Orr,10/1/2015,Elementary,8,Specialty Funds,$0.00 ,
291,Orr,10/1/2015,Elementary,8,Funding Minimum Funds,$0.00 ,
291,Orr,10/1/2015,Elementary,8,Title Funding,"$153,878.86 ",
291,Orr,10/1/2015,Elementary,8,Total,"$4,072,997.67 ",
292,Oyster-Adams,10/1/2015,Education Campus,3,Enrollment Based Funding,"$5,850,958.00 ",
292,Oyster-Adams,10/1/2015,Education Campus,3,Special Education,"$1,071,568.80 ",
292,Oyster-Adams,10/1/2015,Education Campus,3,ELL,"$567,756.75 ",
292,Oyster-Adams,10/1/2015,Education Campus,3,FY15 Budget Priorities,"$582,578.38 ",
292,Oyster-Adams,10/1/2015,Education Campus,3,Literacy Support & Academic Programming,$0.00 ,
292,Oyster-Adams,10/1/2015,Education Campus,3,ASP/ECR,$0.00 ,
292,Oyster-Adams,10/1/2015,Education Campus,3,Specialty Funds,"$500,000.00 ",
292,Oyster-Adams,10/1/2015,Education Campus,3,Funding Minimum Funds,$0.00 ,
292,Oyster-Adams,10/1/2015,Education Campus,3,Title Funding,"$16,525.00 ",
292,Oyster-Adams,10/1/2015,Education Campus,3,Total,"$8,589,387.00 ",
294,Patterson,10/1/2015,Elementary,8,Enrollment Based Funding,"$3,169,795.98 ",
294,Patterson,10/1/2015,Elementary,8,Special Education,"$1,144,399.55 ",
294,Patterson,10/1/2015,Elementary,8,ELL,$0.00 ,
294,Patterson,10/1/2015,Elementary,8,FY15 Budget Priorities,"$137,400.00 ",
294,Patterson,10/1/2015,Elementary,8,Literacy Support & Academic Programming,$0.00 ,
294,Patterson,10/1/2015,Elementary,8,ASP/ECR,"$77,704.46 ",
294,Patterson,10/1/2015,Elementary,8,Specialty Funds,$0.00 ,
294,Patterson,10/1/2015,Elementary,8,Funding Minimum Funds,$0.00 ,
294,Patterson,10/1/2015,Elementary,8,Title Funding,"$154,312.33 ",
294,Patterson,10/1/2015,Elementary,8,SIG/RTTT,"$307,919.00 ",
294,Patterson,10/1/2015,Elementary,8,Total,"$4,683,612.32 ",
295,Payne,10/1/2015,Elementary,6,Enrollment Based Funding,"$2,693,293.45 ",
295,Payne,10/1/2015,Elementary,6,Special Education,"$1,113,741.66 ",
295,Payne,10/1/2015,Elementary,6,ELL,"$17,032.70 ",
295,Payne,10/1/2015,Elementary,6,FY15 Budget Priorities,"$27,900.00 ",
295,Payne,10/1/2015,Elementary,6,Literacy Support & Academic Programming,$0.00 ,
295,Payne,10/1/2015,Elementary,6,ASP/ECR,"$63,926.88 ",
295,Payne,10/1/2015,Elementary,6,Specialty Funds,$0.00 ,
295,Payne,10/1/2015,Elementary,6,Funding Minimum Funds,$0.00 ,
295,Payne,10/1/2015,Elementary,6,Title Funding,"$111,833.09 ",
295,Payne,10/1/2015,Elementary,6,Total,"$4,027,727.78 ",
301,Peabody,10/1/2015,Elementary,6,Enrollment Based Funding,"$2,398,857.00 ",
301,Peabody,10/1/2015,Elementary,6,Special Education,"$94,626.13 ",
301,Peabody,10/1/2015,Elementary,6,ELL,"$17,032.70 ",
301,Peabody,10/1/2015,Elementary,6,FY15 Budget Priorities,"$22,900.00 ",
301,Peabody,10/1/2015,Elementary,6,Literacy Support & Academic Programming,$0.00 ,
301,Peabody,10/1/2015,Elementary,6,ASP/ECR,$0.00 ,
301,Peabody,10/1/2015,Elementary,6,Specialty Funds,$0.00 ,
301,Peabody,10/1/2015,Elementary,6,Funding Minimum Funds,$0.00 ,
301,Peabody,10/1/2015,Elementary,6,Title Funding,"$5,700.00 ",
301,Peabody,10/1/2015,Elementary,6,Total,"$2,539,116.00 ",
478,Phelps,10/1/2015,High,5,Enrollment Based Funding,"$3,466,029.81 ",
478,Phelps,10/1/2015,High,5,Special Education,"$565,198.00 ",
478,Phelps,10/1/2015,High,5,ELL,"$47,313.06 ",
478,Phelps,10/1/2015,High,5,FY15 Budget Priorities,"$35,400.00 ",
478,Phelps,10/1/2015,High,5,Literacy Support & Academic Programming,$0.00 ,
478,Phelps,10/1/2015,High,5,ASP/ECR,"$24,276.00 ",
478,Phelps,10/1/2015,High,5,Specialty Funds,$0.00 ,
478,Phelps,10/1/2015,High,5,Funding Minimum Funds,$0.00 ,
478,Phelps,10/1/2015,High,5,Title Funding,"$98,741.11 ",
478,Phelps,10/1/2015,High,5,Total,"$4,236,958.00 ",
299,Plummer,10/1/2015,Elementary,7,Enrollment Based Funding,"$3,801,162.57 ",
299,Plummer,10/1/2015,Elementary,7,Special Education,"$799,158.33 ",
299,Plummer,10/1/2015,Elementary,7,ELL,"$94,626.13 ",
299,Plummer,10/1/2015,Elementary,7,FY15 Budget Priorities,"$43,400.00 ",
299,Plummer,10/1/2015,Elementary,7,Literacy Support & Academic Programming,$0.00 ,
299,Plummer,10/1/2015,Elementary,7,ASP/ECR,"$50,149.29 ",
299,Plummer,10/1/2015,Elementary,7,Specialty Funds,$0.00 ,
299,Plummer,10/1/2015,Elementary,7,Funding Minimum Funds,$0.00 ,
299,Plummer,10/1/2015,Elementary,7,Title Funding,"$180,320.02 ",
299,Plummer,10/1/2015,Elementary,7,DC Council,"$100,000.00 ",
299,Plummer,10/1/2015,Elementary,7,Total,"$5,068,816.34 ",
300,Powell,10/1/2015,Elementary,4,Enrollment Based Funding,"$3,780,267.00 ",
300,Powell,10/1/2015,Elementary,4,Special Education,"$537,756.00 ",
300,Powell,10/1/2015,Elementary,4,ELL,"$1,355,445.00 ",
300,Powell,10/1/2015,Elementary,4,FY15 Budget Priorities,"$43,500.00 ",
300,Powell,10/1/2015,Elementary,4,Literacy Support & Academic Programming,"$189,252.25 ",
300,Powell,10/1/2015,Elementary,4,ASP/ECR,"$91,482.05 ",
300,Powell,10/1/2015,Elementary,4,Specialty Funds,$0.00 ,
300,Powell,10/1/2015,Elementary,4,Funding Minimum Funds,$0.00 ,
300,Powell,10/1/2015,Elementary,4,Title Funding,"$175,985.41 ",
300,Powell,10/1/2015,Elementary,4,DC Council,"$10,000.00 ",
300,Powell,10/1/2015,Elementary,4,Total,"$6,303,680.00 ",
316,Randle Highlands,10/1/2015,Elementary,7,Enrollment Based Funding,"$3,157,292.97 ",
316,Randle Highlands,10/1/2015,Elementary,7,Special Education,"$473,130.63 ",
316,Randle Highlands,10/1/2015,Elementary,7,ELL,$0.00 ,
316,Randle Highlands,10/1/2015,Elementary,7,FY15 Budget Priorities,"$32,800.00 ",
316,Randle Highlands,10/1/2015,Elementary,7,Literacy Support & Academic Programming,$0.00 ,
316,Randle Highlands,10/1/2015,Elementary,7,ASP/ECR,"$77,704.46 ",
316,Randle Highlands,10/1/2015,Elementary,7,Specialty Funds,$0.00 ,
316,Randle Highlands,10/1/2015,Elementary,7,Funding Minimum Funds,$0.00 ,
316,Randle Highlands,10/1/2015,Elementary,7,Title Funding,"$145,209.63 ",
316,Randle Highlands,10/1/2015,Elementary,7,DC Council,"$97,600.00 ",
316,Randle Highlands,10/1/2015,Elementary,7,Total,"$3,983,738.00 ",
302,Raymond,10/1/2015,Education Campus,4,Enrollment Based Funding,"$4,548,661.00 ",
302,Raymond,10/1/2015,Education Campus,4,Special Education,"$662,382.88 ",
302,Raymond,10/1/2015,Education Campus,4,ELL,"$1,118,881.86 ",
302,Raymond,10/1/2015,Education Campus,4,FY15 Budget Priorities,"$477,552.25 ",
302,Raymond,10/1/2015,Education Campus,4,Literacy Support & Academic Programming,$0.00 ,
302,Raymond,10/1/2015,Education Campus,4,ASP/ECR,"$77,704.46 ",
302,Raymond,10/1/2015,Education Campus,4,Specialty Funds,$0.00 ,
302,Raymond,10/1/2015,Education Campus,4,Funding Minimum Funds,$0.00 ,
302,Raymond,10/1/2015,Education Campus,4,Title Funding,"$235,369.64 ",
302,Raymond,10/1/2015,Education Campus,4,Total,"$7,120,553.00 ",
459,Roosevelt,10/1/2015,High,4,Enrollment Based Funding,"$3,614,662.00 ",
459,Roosevelt,10/1/2015,High,4,Special Education,"$1,553,609.00 ",
459,Roosevelt,10/1/2015,High,4,ELL,"$567,756.75 ",
459,Roosevelt,10/1/2015,High,4,FY15 Budget Priorities,"$43,200.00 ",
459,Roosevelt,10/1/2015,High,4,Literacy Support & Academic Programming,$0.00 ,
459,Roosevelt,10/1/2015,High,4,ASP/ECR,"$66,644.00 ",
459,Roosevelt,10/1/2015,High,4,Specialty Funds,$0.00 ,
459,Roosevelt,10/1/2015,High,4,Funding Minimum Funds,$0.00 ,
459,Roosevelt,10/1/2015,High,4,Title Funding,"$189,856.18 ",
459,Roosevelt,10/1/2015,High,4,DC Council,"$35,600.00 ",
459,Roosevelt,10/1/2015,High,4,Total,"$6,071,327.00 ",
456,Roosevelt STAY,10/1/2015,STAY,4,Enrollment Based Funding,"$2,441,223.33 ",
456,Roosevelt STAY,10/1/2015,STAY,4,Special Education,"$3,084,272.00 ",
456,Roosevelt STAY,10/1/2015,STAY,4,ELL,$0.00 ,
456,Roosevelt STAY,10/1/2015,STAY,4,FY15 Budget Priorities,"$65,500.00 ",
456,Roosevelt STAY,10/1/2015,STAY,4,Literacy Support & Academic Programming,$0.00 ,
456,Roosevelt STAY,10/1/2015,STAY,4,ASP/ECR,$0.00 ,
456,Roosevelt STAY,10/1/2015,STAY,4,Specialty Funds,$0.00 ,
456,Roosevelt STAY,10/1/2015,STAY,4,Funding Minimum Funds,$0.00 ,
456,Roosevelt STAY,10/1/2015,STAY,4,Title Funding,"$15,675.00 ",
456,Roosevelt STAY,10/1/2015,STAY,4,Total,"$3,449,325.00 ",
305,Ross,10/1/2015,Elementary,2,Enrollment Based Funding,"$1,765,227.00 ",
305,Ross,10/1/2015,Elementary,2,Special Education,"$94,626.00 ",
305,Ross,10/1/2015,Elementary,2,ELL,"$141,939.19 ",
305,Ross,10/1/2015,Elementary,2,FY15 Budget Priorities,"$16,800.00 ",
305,Ross,10/1/2015,Elementary,2,Literacy Support & Academic Programming,$0.00 ,
305,Ross,10/1/2015,Elementary,2,ASP/ECR,$0.00 ,
305,Ross,10/1/2015,Elementary,2,Specialty Funds,$0.00 ,
305,Ross,10/1/2015,Elementary,2,Funding Minimum Funds,$0.00 ,
305,Ross,10/1/2015,Elementary,2,Title Funding,"$4,025.00 ",
305,Ross,10/1/2015,Elementary,2,Total,"$2,022,618.00 ",
307,Savoy,10/1/2015,Elementary,8,Enrollment Based Funding,"$3,638,518.19 ",
307,Savoy,10/1/2015,Elementary,8,Special Education,"$331,191.44 ",
307,Savoy,10/1/2015,Elementary,8,ELL,"$21,764.01 ",
307,Savoy,10/1/2015,Elementary,8,FY15 Budget Priorities,"$141,900.00 ",
307,Savoy,10/1/2015,Elementary,8,Literacy Support & Academic Programming,"$118,667.00 ",
307,Savoy,10/1/2015,Elementary,8,ASP/ECR,"$63,926.88 ",
307,Savoy,10/1/2015,Elementary,8,Specialty Funds,$0.00 ,
307,Savoy,10/1/2015,Elementary,8,Funding Minimum Funds,$0.00 ,
307,Savoy,10/1/2015,Elementary,8,Title Funding,"$176,852.33 ",
307,Savoy,10/1/2015,Elementary,8,DC Council,"$100,000.00 ",
307,Savoy,10/1/2015,Elementary,8,Total,"$4,592,820.00 ",
466,School Without Walls,10/1/2015,Education Campus,2,Enrollment Based Funding,"$6,563,537.00 ",
466,School Without Walls,10/1/2015,Education Campus,2,Special Education,"$1,339,397.52 ",
466,School Without Walls,10/1/2015,Education Campus,2,ELL,"$94,626.00 ",
466,School Without Walls,10/1/2015,Education Campus,2,FY15 Budget Priorities,"$513,152.25 ",
466,School Without Walls,10/1/2015,Education Campus,2,Literacy Support & Academic Programming,$0.00 ,
466,School Without Walls,10/1/2015,Education Campus,2,ASP/ECR,"$50,149.29 ",
466,School Without Walls,10/1/2015,Education Campus,2,Specialty Funds,"$495,436.00 ",
466,School Without Walls,10/1/2015,Education Campus,2,Funding Minimum Funds,"$769,340.00 ",
466,School Without Walls,10/1/2015,Education Campus,2,Title Funding,"$90,805.00 ",
466,School Without Walls,10/1/2015,Education Campus,2,Total,"$10,117,563.00 ",
943,School-Within-School  ,10/1/2015,Elementary,6,Enrollment Based Funding,"$2,292,098.00 ",
943,School-Within-School  ,10/1/2015,Elementary,6,Special Education,"$643,169.37 ",
943,School-Within-School  ,10/1/2015,Elementary,6,ELL,$0.00 ,
943,School-Within-School  ,10/1/2015,Elementary,6,FY15 Budget Priorities,"$24,300.00 ",
943,School-Within-School  ,10/1/2015,Elementary,6,Literacy Support & Academic Programming,$0.00 ,
943,School-Within-School  ,10/1/2015,Elementary,6,ASP/ECR,$0.00 ,
943,School-Within-School  ,10/1/2015,Elementary,6,Specialty Funds,$0.00 ,
943,School-Within-School  ,10/1/2015,Elementary,6,Funding Minimum Funds,$0.00 ,
943,School-Within-School  ,10/1/2015,Elementary,6,Title Funding,"$5,125.00 ",
943,School-Within-School  ,10/1/2015,Elementary,6,Total,"$2,964,693.00 ",
309,Seaton,10/1/2015,Elementary,6,Enrollment Based Funding,"$2,717,302.00 ",
309,Seaton,10/1/2015,Elementary,6,Special Education,"$673,850.79 ",
309,Seaton,10/1/2015,Elementary,6,ELL,"$567,756.75 ",
309,Seaton,10/1/2015,Elementary,6,FY15 Budget Priorities,"$27,800.00 ",
309,Seaton,10/1/2015,Elementary,6,Literacy Support & Academic Programming,"$94,626.13 ",
309,Seaton,10/1/2015,Elementary,6,ASP/ECR,"$63,926.88 ",
309,Seaton,10/1/2015,Elementary,6,Specialty Funds,$0.00 ,
309,Seaton,10/1/2015,Elementary,6,Funding Minimum Funds,$0.00 ,
309,Seaton,10/1/2015,Elementary,6,Title Funding,"$109,665.78 ",
309,Seaton,10/1/2015,Elementary,6,Total,"$4,254,929.00 ",
312,Sharpe,10/1/2015,Special Education Center,4,Enrollment Based Funding,"$899,465.00 ",
312,Sharpe,10/1/2015,Special Education Center,4,Special Education,"$1,454,517.00 ",
312,Sharpe,10/1/2015,Special Education Center,4,ELL,"$17,033.00 ",
312,Sharpe,10/1/2015,Special Education Center,4,FY15 Budget Priorities,"$10,000.00 ",
312,Sharpe,10/1/2015,Special Education Center,4,Literacy Support & Academic Programming,$0.00 ,
312,Sharpe,10/1/2015,Special Education Center,4,ASP/ECR,$0.00 ,
312,Sharpe,10/1/2015,Special Education Center,4,Specialty Funds,$0.00 ,
312,Sharpe,10/1/2015,Special Education Center,4,Funding Minimum Funds,$0.00 ,
312,Sharpe,10/1/2015,Special Education Center,4,Title Funding,"$29,041.93 ",
312,Sharpe,10/1/2015,Special Education Center,4,Total,"$2,410,057.00 ",
313,Shepherd,10/1/2015,Elementary,4,Enrollment Based Funding,"$2,953,714.27 ",
313,Shepherd,10/1/2015,Elementary,4,Special Education,"$236,565.31 ",
313,Shepherd,10/1/2015,Elementary,4,ELL,"$21,764.01 ",
313,Shepherd,10/1/2015,Elementary,4,FY15 Budget Priorities,"$32,100.00 ",
313,Shepherd,10/1/2015,Elementary,4,Literacy Support & Academic Programming,"$90,917.58 ",
313,Shepherd,10/1/2015,Elementary,4,ASP/ECR,$0.00 ,
313,Shepherd,10/1/2015,Elementary,4,Specialty Funds,$0.00 ,
313,Shepherd,10/1/2015,Elementary,4,Funding Minimum Funds,$0.00 ,
313,Shepherd,10/1/2015,Elementary,4,Title Funding,"$7,600.00 ",
313,Shepherd,10/1/2015,Elementary,4,DC Council,"$10,900.00 ",
313,Shepherd,10/1/2015,Elementary,4,Total,"$3,353,561.00 ",
315,Simon,10/1/2015,Elementary,8,Enrollment Based Funding,"$2,739,712.00 ",
315,Simon,10/1/2015,Elementary,8,Special Education,"$378,504.50 ",
315,Simon,10/1/2015,Elementary,8,ELL,$0.00 ,
315,Simon,10/1/2015,Elementary,8,FY15 Budget Priorities,"$131,000.00 ",
315,Simon,10/1/2015,Elementary,8,Literacy Support & Academic Programming,$0.00 ,
315,Simon,10/1/2015,Elementary,8,ASP/ECR,$0.00 ,
315,Simon,10/1/2015,Elementary,8,Specialty Funds,$0.00 ,
315,Simon,10/1/2015,Elementary,8,Funding Minimum Funds,$0.00 ,
315,Simon,10/1/2015,Elementary,8,Title Funding,"$128,304.63 ",
315,Simon,10/1/2015,Elementary,8,DC Council,"$79,500.00 ",
315,Simon,10/1/2015,Elementary,8,Total,"$3,457,021.00 ",
322,Smothers,10/1/2015,Elementary,7,Enrollment Based Funding,"$2,773,654.25 ",
322,Smothers,10/1/2015,Elementary,7,Special Education,"$487,180.40 ",
322,Smothers,10/1/2015,Elementary,7,ELL,$0.00 ,
322,Smothers,10/1/2015,Elementary,7,FY15 Budget Priorities,"$130,400.00 ",
322,Smothers,10/1/2015,Elementary,7,Literacy Support & Academic Programming,"$94,626.00 ",
322,Smothers,10/1/2015,Elementary,7,ASP/ECR,"$50,149.29 ",
322,Smothers,10/1/2015,Elementary,7,Specialty Funds,$0.00 ,
322,Smothers,10/1/2015,Elementary,7,Funding Minimum Funds,$0.00 ,
322,Smothers,10/1/2015,Elementary,7,Title Funding,"$125,703.86 ",
322,Smothers,10/1/2015,Elementary,7,DC Council,"$62,200.00 ",
322,Smothers,10/1/2015,Elementary,7,Total,"$3,723,914.00 ",
427,Sousa,10/1/2015,Middle,7,Enrollment Based Funding,"$2,191,644.00 ",
427,Sousa,10/1/2015,Middle,7,Special Education,"$629,119.59 ",
427,Sousa,10/1/2015,Middle,7,ELL,$0.00 ,
427,Sousa,10/1/2015,Middle,7,FY15 Budget Priorities,"$545,478.00 ",
427,Sousa,10/1/2015,Middle,7,Literacy Support & Academic Programming,"$218,667.00 ",
427,Sousa,10/1/2015,Middle,7,ASP/ECR,$0.00 ,
427,Sousa,10/1/2015,Middle,7,Specialty Funds,$0.00 ,
427,Sousa,10/1/2015,Middle,7,Funding Minimum Funds,$0.00 ,
427,Sousa,10/1/2015,Middle,7,Title Funding,"$127,871.17 ",
427,Sousa,10/1/2015,Middle,7,Total,"$3,712,780.00 ",
319,Stanton,10/1/2015,Elementary,8,Enrollment Based Funding,"$4,723,314.93 ",
319,Stanton,10/1/2015,Elementary,8,Special Education,"$662,382.88 ",
319,Stanton,10/1/2015,Elementary,8,ELL,$0.00 ,
319,Stanton,10/1/2015,Elementary,8,FY15 Budget Priorities,"$160,700.00 ",
319,Stanton,10/1/2015,Elementary,8,Literacy Support & Academic Programming,"$94,626.13 ",
319,Stanton,10/1/2015,Elementary,8,ASP/ECR,"$63,926.88 ",
319,Stanton,10/1/2015,Elementary,8,Specialty Funds,$0.00 ,
319,Stanton,10/1/2015,Elementary,8,Funding Minimum Funds,$0.00 ,
319,Stanton,10/1/2015,Elementary,8,Title Funding,"$253,575.03 ",
319,Stanton,10/1/2015,Elementary,8,Total,"$5,958,525.84 ",
321,Stoddert,10/1/2015,Elementary,3,Enrollment Based Funding,"$3,577,328.00 ",
321,Stoddert,10/1/2015,Elementary,3,Special Education,"$189,252.00 ",
321,Stoddert,10/1/2015,Elementary,3,ELL,"$331,191.44 ",
321,Stoddert,10/1/2015,Elementary,3,FY15 Budget Priorities,"$42,900.00 ",
321,Stoddert,10/1/2015,Elementary,3,Literacy Support & Academic Programming,$0.00 ,
321,Stoddert,10/1/2015,Elementary,3,ASP/ECR,$0.00 ,
321,Stoddert,10/1/2015,Elementary,3,Specialty Funds,$0.00 ,
321,Stoddert,10/1/2015,Elementary,3,Funding Minimum Funds,$0.00 ,
321,Stoddert,10/1/2015,Elementary,3,Title Funding,"$9,525.00 ",
321,Stoddert,10/1/2015,Elementary,3,Total,"$4,150,196.00 ",
428,Stuart-Hobson,10/1/2015,Middle,6,Enrollment Based Funding,"$2,969,756.00 ",
428,Stuart-Hobson,10/1/2015,Middle,6,Special Education,"$575,662.00 ",
428,Stuart-Hobson,10/1/2015,Middle,6,ELL,"$13,247.66 ",
428,Stuart-Hobson,10/1/2015,Middle,6,FY15 Budget Priorities,"$559,278.38 ",
428,Stuart-Hobson,10/1/2015,Middle,6,Literacy Support & Academic Programming,"$218,667.00 ",
428,Stuart-Hobson,10/1/2015,Middle,6,ASP/ECR,$0.00 ,
428,Stuart-Hobson,10/1/2015,Middle,6,Specialty Funds,$0.00 ,
428,Stuart-Hobson,10/1/2015,Middle,6,Funding Minimum Funds,$0.00 ,
428,Stuart-Hobson,10/1/2015,Middle,6,Title Funding,"$99,546.37 ",
428,Stuart-Hobson,10/1/2015,Middle,6,Total,"$4,436,157.00 ",
324,Takoma,10/1/2015,Education Campus,4,Enrollment Based Funding,"$3,817,787.23 ",
324,Takoma,10/1/2015,Education Campus,4,Special Education,"$1,205,762.39 ",
324,Takoma,10/1/2015,Education Campus,4,ELL,"$567,756.75 ",
324,Takoma,10/1/2015,Education Campus,4,FY15 Budget Priorities,"$468,052.25 ",
324,Takoma,10/1/2015,Education Campus,4,Literacy Support & Academic Programming,$0.00 ,
324,Takoma,10/1/2015,Education Campus,4,ASP/ECR,"$77,704.46 ",
324,Takoma,10/1/2015,Education Campus,4,Specialty Funds,$0.00 ,
324,Takoma,10/1/2015,Education Campus,4,Funding Minimum Funds,$0.00 ,
324,Takoma,10/1/2015,Education Campus,4,Title Funding,"$191,590.02 ",
324,Takoma,10/1/2015,Education Campus,4,Total,"$6,328,653.10 ",
325,Thomas,10/1/2015,Elementary,7,Enrollment Based Funding,"$3,751,184.35 ",
325,Thomas,10/1/2015,Elementary,7,Special Education,"$832,421.62 ",
325,Thomas,10/1/2015,Elementary,7,ELL,$0.00 ,
325,Thomas,10/1/2015,Elementary,7,FY15 Budget Priorities,"$143,500.00 ",
325,Thomas,10/1/2015,Elementary,7,Literacy Support & Academic Programming,$0.00 ,
325,Thomas,10/1/2015,Elementary,7,ASP/ECR,"$63,926.88 ",
325,Thomas,10/1/2015,Elementary,7,Specialty Funds,$0.00 ,
325,Thomas,10/1/2015,Elementary,7,Funding Minimum Funds,$0.00 ,
325,Thomas,10/1/2015,Elementary,7,Title Funding,"$179,453.10 ",
325,Thomas,10/1/2015,Elementary,7,Total,"$4,970,485.94 ",
326,Thomson,10/1/2015,Elementary,2,Enrollment Based Funding,"$2,549,337.33 ",
326,Thomson,10/1/2015,Elementary,2,Special Education,"$331,191.44 ",
326,Thomson,10/1/2015,Elementary,2,ELL,"$757,009.00 ",
326,Thomson,10/1/2015,Elementary,2,FY15 Budget Priorities,"$28,000.00 ",
326,Thomson,10/1/2015,Elementary,2,Literacy Support & Academic Programming,"$90,917.58 ",
326,Thomson,10/1/2015,Elementary,2,ASP/ECR,"$77,704.46 ",
326,Thomson,10/1/2015,Elementary,2,Specialty Funds,$0.00 ,
326,Thomson,10/1/2015,Elementary,2,Funding Minimum Funds,$0.00 ,
326,Thomson,10/1/2015,Elementary,2,Title Funding,"$125,270.40 ",
326,Thomson,10/1/2015,Elementary,2,DC Council,"$84,200.00 ",
326,Thomson,10/1/2015,Elementary,2,Total,"$4,043,630.00 ",
327,Truesdell,10/1/2015,Education Campus,4,Enrollment Based Funding,"$4,171,621.07 ",
327,Truesdell,10/1/2015,Education Campus,4,Special Education,"$662,382.88 ",
327,Truesdell,10/1/2015,Education Campus,4,ELL,"$1,213,507.98 ",
327,Truesdell,10/1/2015,Education Campus,4,FY15 Budget Priorities,"$470,652.25 ",
327,Truesdell,10/1/2015,Education Campus,4,Literacy Support & Academic Programming,"$189,252.25 ",
327,Truesdell,10/1/2015,Education Campus,4,ASP/ECR,"$50,149.29 ",
327,Truesdell,10/1/2015,Education Campus,4,Specialty Funds,$0.00 ,
327,Truesdell,10/1/2015,Education Campus,4,Funding Minimum Funds,$0.00 ,
327,Truesdell,10/1/2015,Education Campus,4,Title Funding,"$208,061.56 ",
327,Truesdell,10/1/2015,Education Campus,4,Total,"$6,965,627.28 ",
328,Tubman,10/1/2015,Elementary,1,Enrollment Based Funding,"$4,313,172.90 ",
328,Tubman,10/1/2015,Elementary,1,Special Education,"$851,182.00 ",
328,Tubman,10/1/2015,Elementary,1,ELL,"$898,948.19 ",
328,Tubman,10/1/2015,Elementary,1,FY15 Budget Priorities,"$52,700.00 ",
328,Tubman,10/1/2015,Elementary,1,Literacy Support & Academic Programming,"$189,252.25 ",
328,Tubman,10/1/2015,Elementary,1,ASP/ECR,"$77,704.46 ",
328,Tubman,10/1/2015,Elementary,1,Specialty Funds,$0.00 ,
328,Tubman,10/1/2015,Elementary,1,Funding Minimum Funds,$0.00 ,
328,Tubman,10/1/2015,Elementary,1,Title Funding,"$220,631.95 ",
328,Tubman,10/1/2015,Elementary,1,DC Council,"$100,000.00 ",
328,Tubman,10/1/2015,Elementary,1,Total,"$6,703,592.00 ",
329,Turner,10/1/2015,Elementary,8,Enrollment Based Funding,"$3,724,454.75 ",
329,Turner,10/1/2015,Elementary,8,Special Education,"$331,191.44 ",
329,Turner,10/1/2015,Elementary,8,ELL,$0.00 ,
329,Turner,10/1/2015,Elementary,8,FY15 Budget Priorities,"$142,600.00 ",
329,Turner,10/1/2015,Elementary,8,Literacy Support & Academic Programming,"$185,543.00 ",
329,Turner,10/1/2015,Elementary,8,ASP/ECR,"$63,926.88 ",
329,Turner,10/1/2015,Elementary,8,Specialty Funds,$0.00 ,
329,Turner,10/1/2015,Elementary,8,Funding Minimum Funds,$0.00 ,
329,Turner,10/1/2015,Elementary,8,Title Funding,"$174,685.02 ",
329,Turner,10/1/2015,Elementary,8,DC Council,"$81,200.00 ",
329,Turner,10/1/2015,Elementary,8,Total,"$4,717,028.00 ",
330,Tyler,10/1/2015,Elementary,6,Enrollment Based Funding,"$4,765,317.26 ",
330,Tyler,10/1/2015,Elementary,6,Special Education,"$1,097,086.49 ",
330,Tyler,10/1/2015,Elementary,6,ELL,"$21,764.01 ",
330,Tyler,10/1/2015,Elementary,6,FY15 Budget Priorities,"$154,900.00 ",
330,Tyler,10/1/2015,Elementary,6,Literacy Support & Academic Programming,"$47,313.06 ",
330,Tyler,10/1/2015,Elementary,6,ASP/ECR,"$63,926.88 ",
330,Tyler,10/1/2015,Elementary,6,Specialty Funds,$0.00 ,
330,Tyler,10/1/2015,Elementary,6,Funding Minimum Funds,$0.00 ,
330,Tyler,10/1/2015,Elementary,6,Title Funding,"$219,765.03 ",
330,Tyler,10/1/2015,Elementary,6,Total,"$6,370,072.72 ",
332,Walker-Jones,10/1/2015,Education Campus,6,Enrollment Based Funding,"$3,927,599.49 ",
332,Walker-Jones,10/1/2015,Education Campus,6,Special Education,"$1,380,964.86 ",
332,Walker-Jones,10/1/2015,Education Campus,6,ELL,"$47,313.06 ",
332,Walker-Jones,10/1/2015,Education Campus,6,FY15 Budget Priorities,"$468,352.25 ",
332,Walker-Jones,10/1/2015,Education Campus,6,Literacy Support & Academic Programming,"$94,626.13 ",
332,Walker-Jones,10/1/2015,Education Campus,6,ASP/ECR,"$91,482.05 ",
332,Walker-Jones,10/1/2015,Education Campus,6,Specialty Funds,$0.00 ,
332,Walker-Jones,10/1/2015,Education Campus,6,Funding Minimum Funds,$0.00 ,
332,Walker-Jones,10/1/2015,Education Campus,6,Title Funding,"$196,791.56 ",
332,Walker-Jones,10/1/2015,Education Campus,6,Total,"$6,207,129.40 ",
474,Washington Metropolitan,10/1/2015,High,1,Enrollment Based Funding,"$2,660,228.00 ",
474,Washington Metropolitan,10/1/2015,High,1,Special Education,"$671,532.00 ",
474,Washington Metropolitan,10/1/2015,High,1,ELL,"$17,032.70 ",
474,Washington Metropolitan,10/1/2015,High,1,FY15 Budget Priorities,"$30,400.00 ",
474,Washington Metropolitan,10/1/2015,High,1,Literacy Support & Academic Programming,"$213,293.13 ",
474,Washington Metropolitan,10/1/2015,High,1,ASP/ECR,"$40,460.00 ",
474,Washington Metropolitan,10/1/2015,High,1,Specialty Funds,$0.00 ,
474,Washington Metropolitan,10/1/2015,High,1,Funding Minimum Funds,$0.00 ,
474,Washington Metropolitan,10/1/2015,High,1,Title Funding,"$121,369.25 ",
474,Washington Metropolitan,10/1/2015,High,1,Total,"$3,754,317.00 ",
333,Watkins,10/1/2015,Elementary,6,Enrollment Based Funding,"$3,861,379.00 ",
333,Watkins,10/1/2015,Elementary,6,Special Education,"$288,599.00 ",
333,Watkins,10/1/2015,Elementary,6,ELL,"$13,247.66 ",
333,Watkins,10/1/2015,Elementary,6,FY15 Budget Priorities,"$52,300.00 ",
333,Watkins,10/1/2015,Elementary,6,Literacy Support & Academic Programming,$0.00 ,
333,Watkins,10/1/2015,Elementary,6,ASP/ECR,"$63,926.88 ",
333,Watkins,10/1/2015,Elementary,6,Specialty Funds,$0.00 ,
333,Watkins,10/1/2015,Elementary,6,Funding Minimum Funds,"$379,176.40 ",
333,Watkins,10/1/2015,Elementary,6,Title Funding,"$93,652.73 ",
333,Watkins,10/1/2015,Elementary,6,Total,"$4,752,282.00 ",
336,West,10/1/2015,Education Campus,4,Enrollment Based Funding,"$2,559,884.92 ",
336,West,10/1/2015,Education Campus,4,Special Education,"$324,172.00 ",
336,West,10/1/2015,Education Campus,4,ELL,"$94,626.13 ",
336,West,10/1/2015,Education Campus,4,FY15 Budget Priorities,"$449,552.25 ",
336,West,10/1/2015,Education Campus,4,Literacy Support & Academic Programming,"$100,000.00 ",
336,West,10/1/2015,Education Campus,4,ASP/ECR,"$50,149.29 ",
336,West,10/1/2015,Education Campus,4,Specialty Funds,$0.00 ,
336,West,10/1/2015,Education Campus,4,Funding Minimum Funds,$0.00 ,
336,West,10/1/2015,Education Campus,4,Title Funding,"$69,989.05 ",
336,West,10/1/2015,Education Campus,4,Total,"$3,648,374.00 ",
335,Wheatley,10/1/2015,Education Campus,5,Enrollment Based Funding,"$3,851,128.78 ",
335,Wheatley,10/1/2015,Education Campus,5,Special Education,"$662,382.88 ",
335,Wheatley,10/1/2015,Education Campus,5,ELL,"$13,247.66 ",
335,Wheatley,10/1/2015,Education Campus,5,FY15 Budget Priorities,"$465,752.25 ",
335,Wheatley,10/1/2015,Education Campus,5,Literacy Support & Academic Programming,"$189,252.25 ",
335,Wheatley,10/1/2015,Education Campus,5,ASP/ECR,77704.46125,
335,Wheatley,10/1/2015,Education Campus,5,Specialty Funds,0,
335,Wheatley,10/1/2015,Education Campus,5,Funding Minimum Funds,0,
335,Wheatley,10/1/2015,Education Campus,5,Title Funding,191590.0229,
335,Wheatley,10/1/2015,Education Campus,5,Total,5451058.293,
338,Whittier,10/1/2015,Education Campus,4,Enrollment Based Funding,3162466.46,
338,Whittier,10/1/2015,Education Campus,4,Special Education,1361847,
338,Whittier,10/1/2015,Education Campus,4,ELL,189252,
338,Whittier,10/1/2015,Education Campus,4,FY15 Budget Priorities,457052.25,
338,Whittier,10/1/2015,Education Campus,4,Literacy Support & Academic Programming,0,
338,Whittier,10/1/2015,Education Campus,4,ASP/ECR,"$50,149.29 ",
338,Whittier,10/1/2015,Education Campus,4,Specialty Funds,$0.00 ,
338,Whittier,10/1/2015,Education Campus,4,Funding Minimum Funds,$0.00 ,
338,Whittier,10/1/2015,Education Campus,4,Title Funding,"$156,913.10 ",
338,Whittier,10/1/2015,Education Campus,4,Total,"$5,377,681.00 ",
463,Wilson,10/1/2015,High,3,Enrollment Based Funding,"$10,250,626.01 ",
463,Wilson,10/1/2015,High,3,Special Education,"$1,856,677.35 ",
463,Wilson,10/1/2015,High,3,ELL,"$473,130.63 ",
463,Wilson,10/1/2015,High,3,FY15 Budget Priorities,"$170,800.00 ",
463,Wilson,10/1/2015,High,3,Literacy Support & Academic Programming,$0.00 ,
463,Wilson,10/1/2015,High,3,ASP/ECR,"$72,828.00 ",
463,Wilson,10/1/2015,High,3,Specialty Funds,$0.00 ,
463,Wilson,10/1/2015,High,3,Funding Minimum Funds,"$2,976,946.01 ",
463,Wilson,10/1/2015,High,3,Title Funding,"$42,400.00 ",
463,Wilson,10/1/2015,High,3,DC Council,"$75,300.00 ",
463,Wilson,10/1/2015,High,3,Total,"$15,918,708.00 ",
464,Woodson,10/1/2015,High,7,Enrollment Based Funding,"$5,425,288.79 ",
464,Woodson,10/1/2015,High,7,Special Education,"$2,352,208.87 ",
464,Woodson,10/1/2015,High,7,ELL,"$30,280.36 ",
464,Woodson,10/1/2015,High,7,FY15 Budget Priorities,"$72,900.00 ",
464,Woodson,10/1/2015,High,7,Literacy Support & Academic Programming,$0.00 ,
464,Woodson,10/1/2015,High,7,ASP/ECR,"$72,828.00 ",
464,Woodson,10/1/2015,High,7,Specialty Funds,$0.00 ,
464,Woodson,10/1/2015,High,7,Funding Minimum Funds,$0.00 ,
464,Woodson,10/1/2015,High,7,Title Funding,"$358,047.00 ",
464,Woodson,10/1/2015,High,7,DC Council,"$100,000.00 ",
464,Woodson,10/1/2015,High,7,Total,"$8,411,553.00 ",
861,Youth Services Center,10/1/2015,Alternative School,5,Enrollment Based Funding,"$401,902.00 ",
861,Youth Services Center,10/1/2015,Alternative School,5,Special Education,"$520,443.69 ",
861,Youth Services Center,10/1/2015,Alternative School,5,ELL,$0.00 ,
861,Youth Services Center,10/1/2015,Alternative School,5,FY15 Budget Priorities,"$10,000.00 ",
861,Youth Services Center,10/1/2015,Alternative School,5,Literacy Support & Academic Programming,$0.00 ,
861,Youth Services Center,10/1/2015,Alternative School,5,ASP/ECR,"$8,092.00 ",
861,Youth Services Center,10/1/2015,Alternative School,5,Specialty Funds,$0.00 ,
861,Youth Services Center,10/1/2015,Alternative School,5,Funding Minimum Funds,$0.00 ,
861,Youth Services Center,10/1/2015,Alternative School,5,Title Funding,"$15,675.00 ",
861,Youth Services Center,10/1/2015,Alternative School,5,Total,"$1,921,238.00 ",
1,empty,10/1/2015,DCPS,0,Enrollment Based Funding,412785370.717,
1,empty,10/1/2015,DCPS,0,Special Education,86958418.25,
1,empty,10/1/2015,DCPS,0,ELL,23482793.0145,
1,empty,10/1/2015,DCPS,0,FY15 Budget Priorities,20498028.375,
1,empty,10/1/2015,DCPS,0,Literacy Support & Academic Programming,8720060.425,
1,empty,10/1/2015,DCPS,0,ASP/ECR,4751575.75485,
1,empty,10/1/2015,DCPS,0,Specialty Funds,7063345.429,
1,empty,10/1/2015,DCPS,0,Funding Minimum Funds,9052877.1845,
1,empty,10/1/2015,DCPS,0,Title Funding,14904054.05082,
1,empty,10/1/2015,DCPS,0,DC Council,14831375.6015,
1,empty,10/1/2015,DCPS,0,Total,564523135.38,
1,empty,10/1/2015,DCPS,0,SIG/RTTT,521212,
